link,link-href
Power Up: White House coronavirus cases highlight risks of officials not following federal guidelines,https://www.washingtonpost.com/politics/power-up-white-house-coronavirus-cases-highlight-risks-of-officials-not-following-federal-guidelines/2020/05/11/3d15c2aa-4001-498b-9d2e-8a4ea2d8ccf8_story.html
Trump administration asks Supreme Court to stop release of Mueller material,https://www.washingtonpost.com/politics/courts_law/trump-administration-asks-supreme-court-to-stop-release-of-mueller-material/2020/05/07/c6d85df6-9080-11ea-a0bc-4e9ad4866d21_story.html
Trump ramps up retaliatory purge with firing of State Department inspector general,https://www.washingtonpost.com/politics/trump-ramps-up-retaliatory-purge-with-firing-of-state-department-inspector-general/2020/05/16/8f8b55da-979a-11ea-82b4-c8db161ff6e5_story.html
Power Up: Democratic activists scramble to sign up new voters during coronavirus pandemic,https://www.washingtonpost.com/politics/power-up-democratic-activists-scramble-to-sign-up-new-voters-during-coronavirus-pandemic/2020/05/18/5a314e43-9fbe-4f3d-ad5a-80d789e3f37c_story.html
Power Up: Black and Hispanic Americans are getting laid off at higher rates than white workers.,https://www.washingtonpost.com/politics/power-up-black-and-hispanic-americans-are-getting-laid-off-at-higher-rates-than-white-workers/2020/05/07/0c23a777-8e71-4596-bfd3-301bfccf5322_story.html
"Joe Biden denies he sexually assaulted a former Senate aide, calls on National Archives to release complaint if one exists",https://www.washingtonpost.com/politics/joe-biden-denies-he-sexually-assaulted-a-former-senate-aide/2020/05/01/08d59662-8b39-11ea-9dfd-990f9dcc71fc_story.html
"Inspector general nominee for coronavirus fund pledges independence, faces skepticism from Democrats",https://www.washingtonpost.com/us-policy/2020/05/05/senate-coronavirus-inspector-general/
Justice Dept. moves to drop case against Michael Flynn,https://www.washingtonpost.com/local/legal-issues/justice-dept-moves-to-void-michael-flynns-conviction-in-muellers-russia-probe/2020/05/07/9bd7885e-679d-11ea-b313-df458622c2cc_story.html
"The coronavirus, the election and the sunshine paradox",https://www.washingtonpost.com/politics/2020/05/01/coronavirus-election-sunshine-paradox/
"Top Trump economic advisers say unemployment rate could surpass 20 percent, job market could worsen",https://www.washingtonpost.com/politics/top-trump-economic-advisers-say-unemployment-rate-could-surpass-20-percent-job-market-could-worsen/2020/05/10/3547c296-92e2-11ea-91d7-cf4423d47683_story.html
Trump and his allies are much more interested in talking Flynn than coronavirus,https://www.washingtonpost.com/politics/2020/05/11/trump-his-allies-are-much-more-interested-talking-flynn-than-coronavirus/
The Health 202: Trump’s claim coronavirus vaccine coming by year’s end undercut by ousted vaccine official,https://www.washingtonpost.com/politics/the-health-202-trumps-claim-coronavirus-vaccine-coming-by-years-end-undercut-by-ousted-vaccine-official/2020/05/15/8538b903-f672-4380-bbe8-c2e686d9e21b_story.html
"McConnell, Pelosi decline Trump administration offer of rapid coronavirus tests as states loosen lockdown orders",https://www.washingtonpost.com/politics/mcconnell-pelosi-decline-trump-administration-offer-of-rapid-coronavirus-tests-as-states-loosen-lockdown-orders/2020/05/02/f1a92bf4-8cad-11ea-8ac1-bfb250876b7a_story.html
The Daily 202: 11 states seek DOJ investigation of meat shortages and price hikes amid coronavirus contagion,https://www.washingtonpost.com/politics/the-daily-202-11-states-seek-doj-investigation-of-meat-shortages-and-price-hikes-amid-coronavirus-contagion/2020/05/06/5f376f40-c498-4449-b462-95188ed93ac7_story.html
"Top Republican fundraiser and Trump ally named postmaster general, giving president new influence over Postal Service",https://www.washingtonpost.com/politics/top-republican-fundraiser-and-trump-ally-to-be-named-postmaster-general-giving-president-new-influence-over-postal-service-officials-say/2020/05/06/25cde93c-8fd4-11ea-8df0-ee33c3f5b0d6_story.html
"Administration estimates appear to show more than 100,000 coronavirus deaths before June",https://www.washingtonpost.com/politics/2020/05/04/administration-estimates-appear-show-more-than-100000-coronavirus-deaths-before-june/
"Justin Amash on why he’s not a spoiler, protests and who he voted for in 2016",https://www.washingtonpost.com/politics/justin-amash-on-why-hes-not-a-spoiler-protests-and-who-he-voted-for-in-2016/2020/05/03/2ac96e11-88f3-44cb-a397-97505ee6b71f_story.html
Trump plays down coronavirus testing as U.S. falls far short of level scientists say is needed,https://www.washingtonpost.com/politics/trump-plays-down-coronavirus-testing-as-us-falls-far-short-of-level-scientists-say-is-needed/2020/05/08/d9241454-913f-11ea-a9c0-73b93422d691_story.html
"With the Abbott coronavirus tests, Trump is yet again exaggerating a possible solution",https://www.washingtonpost.com/politics/2020/05/15/with-abbott-coronavirus-tests-trump-is-yet-again-exaggerating-possible-solution/
These federal public servants are at the top of a very impressive heap,https://www.washingtonpost.com/politics/these-federal-public-servants-are-at-the-top-of-a-very-impressive-heap/2020/05/02/831df22c-8bb4-11ea-9759-6d20ba0f2c0e_story.html
"Trump asks board of federal retirement savings plan to not invest in China, setting up showdown",https://www.washingtonpost.com/politics/trump-asks-board-of-federal-retirement-plan-to-not-invest-in-china-setting-up-showdown/2020/05/12/55f74ac2-9470-11ea-9f5e-56d8239bf9ad_story.html
"Eric Holder endorses Joe Biden, saying he will be ‘forward-leaning’ on criminal justice reform",https://www.washingtonpost.com/politics/2020/05/06/eric-holder-endorses-joe-biden-saying-he-will-be-forward-leaning-criminal-justice-reform/
"House Democrats introduce coronavirus rescue bill that would direct more than $3 trillion to states, individuals, health systems",https://www.washingtonpost.com/us-policy/2020/05/12/house-democrats-coronavirus-3-trillion/
Allegation against Biden prompts reexamination of ‘Believe women’,https://www.washingtonpost.com/politics/allegation-against-biden-prompts-reexamination-of-believe-women/2020/05/02/00741eb0-8a5a-11ea-9dfd-990f9dcc71fc_story.html
Joe Biden is looking for a running mate. Many Democrats have strong ideas — and few agree.,https://www.washingtonpost.com/politics/joe-biden-is-looking-for-a-running-mate-many-democrats-have-strong-ideas--and-few-agree/2020/05/05/833a9b3a-8898-11ea-9dfd-990f9dcc71fc_story.html
Trump’s business partner in Indonesia exhumed graves in West Java to build resort,https://www.washingtonpost.com/politics/2020/05/14/trumps-business-partner-indonesia-exhumed-graves-west-java-build-resort/
What the brutal jobs report means for Trump,https://www.washingtonpost.com/politics/2020/05/08/what-brutal-jobs-report-might-mean-trump/
Republicans grow nervous about losing the Senate amid worries over Trump’s handling of the pandemic,https://www.washingtonpost.com/politics/republicans-grow-nervous-about-losing-the-senate-amid-worries-over-trumps-handling-of-the-pandemic/2020/05/09/65691184-915f-11ea-a9c0-73b93422d691_story.html
"Power Up: ‘We missed early warning signals’ on coronavirus, ousted vaccine official will testify",https://www.washingtonpost.com/politics/power-up-we-missed-early-warning-signals-on-coronavirus-ousted-vaccine-official-will-testify/2020/05/14/908b3075-529b-4949-af96-f39b04e255ff_story.html
Power Up: Trump says Americans are ‘feeling good’ even as projections of U.S. deaths tick upward,https://www.washingtonpost.com/politics/power-up-trump-says-americans-are-feeling-good-even-as-projections-of-us-deaths-tick-upward/2020/05/05/908457ec-631b-49c5-bbbf-b79584eab7a6_story.html
Republicans are going after Democrats by going after China,https://www.washingtonpost.com/politics/republicans-are-going-after-democrats-by-going-after-china/2020/05/11/08c3d6a8-1d4c-4b14-b87a-e2e94a4ca78b_story.html
Biden campaign launches expansion in the face of Democratic worries — but no word on plans to leave his house,https://www.washingtonpost.com/politics/biden-campaign-launches-expansion-in-the-face-of-democratic-worries--but-no-word-on-plans-to-leave-his-house/2020/05/08/ce39a598-908d-11ea-9e23-6914ee410a5f_story.html
The Health 202: Trump’s coronavirus testing goal is on the low side of what public health experts recommend,https://www.washingtonpost.com/politics/the-health-202-trumps-coronavirus-testing-goal-is-on-the-low-side-of-what-public-health-experts-recommend/2020/05/12/fbca164a-106f-4e7d-abbe-2f356451b9c3_story.html
"Trump says he is taking hydroxychloroquine to protect against coronavirus, dismissing safety concerns",https://www.washingtonpost.com/politics/trump-says-he-is-taking-hydroxychloroquine-to-protect-against-coronavirus-dismissing-safety-concerns/2020/05/18/7b8c928a-9946-11ea-ac72-3841fcc9b35f_story.html
Trump says it’s safe to reopen states as governors grapple with loosening restrictions,https://www.washingtonpost.com/politics/trump-says-its-safe-to-reopen-states-as-governors-grapple-with-loosening-restrictions/2020/05/03/013ee34a-8d64-11ea-a0bc-4e9ad4866d21_story.html
Young jogger’s death upends conversation at a time of racial pain,https://www.washingtonpost.com/politics/young-joggers-death-upends-conversation-at-a-time-of-racial-pain/2020/05/09/8d02f248-9149-11ea-a9c0-73b93422d691_story.html
The Technology 202: Coronavirus crisis has not stopped antitrust crackdown in Washington,https://www.washingtonpost.com/politics/the-technology-202-coronavirus-crisis-has-not-stopped-antitrust-crackdown-in-washington/2020/05/18/c62f0516-1640-45e6-b17a-a23d026531f1_story.html
The Daily 202: Infections and isolations of top government officials undercut Trump’s coronavirus messaging,https://www.washingtonpost.com/politics/the-daily-202-infections-and-isolations-of-top-government-officials-undercut-trumps-coronavirus-messaging/2020/05/11/fa3292ef-2d40-4e93-83f6-045db281abb4_story.html
Senate to return to Washington as Congress struggles to reconcile constitutional duties with risk of pandemic,https://www.washingtonpost.com/politics/senate-to-return-to-washington-with-congress-struggling-to-reconcile-constitutional-duties-with-risk-of-pandemic/2020/05/02/fba5a35c-8bd7-11ea-ac8a-fe9b8088e101_story.html
Democratic groups to spend millions hitting Trump over coronavirus response,https://www.washingtonpost.com/politics/democratic-groups-to-spend-millions-hitting-trump-over-coronavirus-response/2020/03/17/5f9fadba-686c-11ea-9923-57073adce27c_story.html
Rep. Maxine Waters lost her sister to covid-19,https://www.washingtonpost.com/politics/2020/05/12/congresswoman-maxine-waters-lost-her-sister-covid-19/
Trump’s continually strange comments on possibly ‘overrated’ coronavirus testing,https://www.washingtonpost.com/politics/2020/05/15/trumps-thoroughly-strange-commentary-coronavirus-testing/
"In next phase of pandemic, Trump appears poised to let others take the lead",https://www.washingtonpost.com/politics/in-next-phase-of-pandemic-trump-appears-poised-to-let-others-take-the-lead/2020/05/17/47307958-960c-11ea-82b4-c8db161ff6e5_story.html
Technology once used to combat ISIS propaganda is enlisted by Democratic group to counter Trump’s coronavirus messaging,https://www.washingtonpost.com/politics/technology-once-used-to-combat-isis-propaganda-is-enlisted-by-democratic-group-to-counter-trumps-coronavirus-messaging/2020/05/01/6bed5f70-8a5b-11ea-ac8a-fe9b8088e101_story.html
The Daily 202: Biden struggles to balance denial of assault allegation with respect for #MeToo movement,https://www.washingtonpost.com/politics/the-daily-202-biden-struggles-to-balance-denial-of-assault-allegation-with-respect-for-metoo-movement/2020/05/01/850ca6e6-88cf-41e5-9212-a672880dc0d4_story.html
"The Finance 202: House Democratic rescue package faces a slog, but Fed officials highlight its urgency",https://www.washingtonpost.com/politics/the-finance-202-house-democratic-rescue-package-faces-a-slog-but-fed-officials-highlight-its-urgency/2020/05/13/0e584fd8-1e28-46e0-b5f7-e3cacada6635_story.html
The familiar stench of the Justice Department’s Michael Flynn decision,https://www.washingtonpost.com/politics/2020/05/07/barr-flynn-doj-decision/
Rep. Justin Amash says he won’t run for president,https://www.washingtonpost.com/politics/rep-justin-amash-says-he-wont-run-for-president/2020/05/16/17d5ccb0-979e-11ea-82b4-c8db161ff6e5_story.html
Democrats say Trump is engaging in a ‘sick’ strategy of distraction in attempts to tag Biden in Flynn case,https://www.washingtonpost.com/politics/democrats-say-trump-is-engaging-in-a-sick-strategy-of-distraction-in-attempts-to-tag-biden-in-flynn-case/2020/05/14/7c3e3ce0-9605-11ea-91d7-cf4423d47683_story.html
Trump undercuts his campaign’s focus on Biden accuser by painting powerful men as victims,https://www.washingtonpost.com/politics/trump-undercuts-his-campaigns-focus-on-biden-accuser-by-painting-powerful-men-as-victims/2020/05/01/84abad3a-8bc0-11ea-8ac1-bfb250876b7a_story.html
Joe Biden,https://www.washingtonpost.com/elections/candidates/joe-biden/
Birx’s ‘Fox News Sunday’ interview lays bare the discord in Trump’s coronavirus response,https://www.washingtonpost.com/politics/2020/05/03/birxs-fox-news-sunday-interview-lays-bare-discord-trumps-coronavirus-response/
"As pandemic upends the country, Trump and Biden seek to make Obama central to their campaigns",https://www.washingtonpost.com/politics/obama-trump-biden-campaign-coronavirus/2020/05/13/e8f992e8-9467-11ea-82b4-c8db161ff6e5_story.html
Tensions between China and Trump administration over coronavirus escalate with expulsion of U.S. reporters,https://www.washingtonpost.com/politics/tensions-between-china-and-trump-administration-over-coronavirus-escalate-with-expulsion-of-us-reporters/2020/03/17/f2fc50c4-687e-11ea-9923-57073adce27c_story.html
The Technology 202: Democrats introduce bill to protect data collected in coronavirus pandemic,https://www.washingtonpost.com/politics/the-technology-202-democrats-introduce-bill-to-protect-data-collected-in-coronavirus-pandemic/2020/05/15/85b0deba-8a11-4162-91eb-091fc12686aa_story.html
"Biden defends his decision to campaign from home, calls Trump reckless",https://www.washingtonpost.com/politics/biden-defends-his-decision-to-campaign-from-home-calls-trump-reckless/2020/05/12/5f6cee0e-9448-11ea-82b4-c8db161ff6e5_story.html
Trump adviser Navarro declines invitation to testify before House panel on vaccine official’s whistleblower complaint,https://www.washingtonpost.com/politics/trump-adviser-navarro-declines-invitation-to-testify-before-house-panel-on-whistleblowers-complaint/2020/05/12/57810d04-9495-11ea-82b4-c8db161ff6e5_story.html
The Daily 202: Governors who raced to relax coronavirus restrictions pay a price in new poll,https://www.washingtonpost.com/politics/the-daily-202-governors-who-raced-to-relax-coronavirus-restrictions-pay-a-price-in-new-poll/2020/05/12/a9972249-bc57-4a79-a3c0-2582bf44e644_story.html
House Democrats pass $3 trillion coronavirus relief bill despite Trump’s veto threat,https://www.washingtonpost.com/us-policy/2020/05/15/democrats-pelosi-congress-coronavirus-3-trillion-trump/
Trump eyes federal retirement plan investments as part of showdown with China over coronavirus,https://www.washingtonpost.com/politics/trump-eyes-federal-retirement-plan-investments-as-part-of-showdown-with-china-over-coronavirus/2020/05/08/9f9b2058-8fb2-11ea-a9c0-73b93422d691_story.html
"Faced with a Trumpian barrage of attacks, Joe Biden chooses to look the other way",https://www.washingtonpost.com/politics/faced-with-a-trumpian-barrage-of-attacks-joe-biden-chooses-to-look-the-other-way/2020/05/16/f5c64ddc-96c3-11ea-82b4-c8db161ff6e5_story.html
‘They don’t expect that from admirals’: Mitt Romney rebukes Giroir and White House’s coronavirus test talking point,https://www.washingtonpost.com/politics/2020/05/12/they-dont-expect-that-admirals-mitt-romney-rebukes-giroir-white-houses-coronavirus-test-talking-point/
The economy is robbing Trump of his most common pitch to black Americans,https://www.washingtonpost.com/politics/2020/05/08/economy-is-robbing-trump-his-most-common-pitch-black-americans/
"Flynn decision cheered by Trump and the right, as critics decry it as an attack on the rule of law",https://www.washingtonpost.com/politics/flynn-decision-punctuates-three-years-of-partisan-warfare-over-russia-probe/2020/05/07/8b34ebde-9099-11ea-a0bc-4e9ad4866d21_story.html
What did Dr. Anthony Fauci say about coronavirus testing ‘failing’?,https://www.washingtonpost.com/politics/2020/03/18/what-did-dr-fauci-say-about-coronavirus-testing-failing/
States moving forward with reopening are seeing increases in new coronavirus cases,https://www.washingtonpost.com/politics/2020/05/05/states-moving-forward-with-reopening-are-seeing-increases-new-coronavirus-cases/
"Lawmaking in the time of coronavirus: The Senate returns to work, warily",https://www.washingtonpost.com/politics/lawmaking-in-the-time-of-coronavirus-the-senate-returns-to-work-warily/2020/05/04/6632fd22-8e18-11ea-a9c0-73b93422d691_story.html
Key GOP senator asks Trump for ‘detailed reasoning’ for State Dept. inspector general’s removal,https://www.washingtonpost.com/politics/kep-gop-senator-asks-trump-for-detailed-reasoning-for-state-dept-inspector-generals-removal/2020/05/18/7456a430-993a-11ea-ac72-3841fcc9b35f_story.html
Top Democrats launch investigation into late-night firing of State Department inspector general,https://www.washingtonpost.com/politics/2020/05/16/state-department-inspector-general-fired-democrats-decry-dangerous-pattern-retaliation/
"In an uncertain moment, Trump takes refuge in a familiar place: Fake poll numbers",https://www.washingtonpost.com/politics/2020/03/18/an-uncertain-moment-trump-takes-refuge-familiar-place-fake-poll-numbers/
The Technology 202: Remote work could be here to stay for some tech workers,https://www.washingtonpost.com/politics/the-technology-202-remote-work-could-be-here-to-stay-for-some-tech-workers/2020/05/13/fb2bcfac-6ed1-4c36-8a84-0de1656966f2_story.html
What we know after Tuesday’s primaries,https://www.washingtonpost.com/politics/what-we-know-after-tuesdays-primaries/2020/03/18/26e3efea-b39e-442b-917a-a75c72be9fc1_story.html
Trump attacks decision to add in-person voting center in California House race,https://www.washingtonpost.com/politics/trump-attacks-decision-to-add-in-person-voting-center-in-california-house-race/2020/05/09/6c1d1f92-922d-11ea-9e23-6914ee410a5f_story.html
A guide to (almost) all the House primaries,https://www.washingtonpost.com/politics/a-guide-to-almost-all-the-house-primaries/2020/05/17/8bb8042a-2857-49fe-8866-57d0afbdeb63_story.html
A Fox News host worries the Ahmaud Arbery killing could become a ‘racial situation’,https://www.washingtonpost.com/politics/2020/05/08/fox-news-host-worries-that-ahmaud-arbery-killing-could-become-racial-situation/
The Daily 202: Five moves signal Trump’s attention is moving beyond the coronavirus crisis,https://www.washingtonpost.com/politics/the-daily-202-five-moves-signal-trumps-attention-is-moving-beyond-the-coronavirus-crisis/2020/05/07/3ea7c9b5-ff1e-4624-bf48-d6033318bef9_story.html
"Trump’s bid to shield his tax returns and finances, broad claims of presidential immunity head to Supreme Court",https://www.washingtonpost.com/politics/courts_law/supreme-court-trump-tax-returns-finances/2020/05/11/dd9bd598-92df-11ea-91d7-cf4423d47683_story.html
"The Cybersecurity 202: John Ratcliffe, spy chief nominee, hedged on whether Russia favored Trump in 2016",https://www.washingtonpost.com/politics/the-cybersecurity-202-john-ratcliffe-spy-chief-nominee-hedged-on-whether-russia-favored-trump-in-2016-interference/2020/05/06/0b32448c-572f-41ff-9f5c-d4ac61a5c92e_story.html
Kayleigh McEnany makes a thoroughly Trump-ian debut,https://www.washingtonpost.com/politics/2020/05/01/kayleigh-mcenany-just-made-thoroughly-trump-ian-debut/
Trump’s playbook on ‘Obamagate’ is extremely — and dubiously — familiar,https://www.washingtonpost.com/politics/2020/05/15/trumps-playbook-obamagate-is-extremely-dubiously-familiar/
The White House said it was following health experts’ advice. Then we learned it isn’t approving a key CDC document.,https://www.washingtonpost.com/politics/2020/05/07/white-house-said-it-was-following-health-experts-advice-then-we-learned-it-isnt-approving-key-cdc-document/
Fact-checking Trump’s knocks at Obama in his Fox town hall,https://www.washingtonpost.com/politics/2020/05/05/fact-checking-trumps-knocks-obama-his-fox-town-hall/
McConnell’s claim that Obama left behind no ‘game plan’ for the coronavirus outbreak,https://www.washingtonpost.com/politics/2020/05/14/mcconnells-claim-that-obama-left-behind-no-game-plan-coronavirus-outbreak/
Trump’s stunning claim that he’s taking hydroxychloroquine could trigger a cascade of negative effects,https://www.washingtonpost.com/politics/2020/05/18/trumps-stunning-claim-that-hes-taking-hydroxychloroquine-could-trigger-cascade-negative-effects/
"Trump still wants a payroll-tax cut for the coronavirus, and it’s still unlikely he’ll get it",https://www.washingtonpost.com/politics/2020/03/14/why-trump-isnt-getting-payroll-tax-cut-he-wanted-coronavirus/
The Cybersecurity 202: Trump’s decision to loosen rules for digital doctors visits raises hacking concerns,https://www.washingtonpost.com/politics/the-cybersecurity-202-trumps-decision-to-loosen-rules-for-digital-doctors-visits-raises-hacking-concerns/2020/03/18/218be1ad-bdb6-45bb-a928-a6bb71167a56_story.html
The Energy 202: A Harvard study tying coronavirus death rates to pollution is causing an uproar in Washington,https://www.washingtonpost.com/politics/the-energy-202-a-harvard-study-tying-coronavirus-death-rates-to-pollution-is-causing-an-uproar-in-washington/2020/05/07/831230fd-b955-4bac-8fe5-168d1fb70425_story.html
Biden says he would revoke permit for Keystone pipeline,https://www.washingtonpost.com/politics/biden-says-he-would-revoke-permit-for-keystone-pipeline/2020/05/18/93ba6fd4-9960-11ea-ac72-3841fcc9b35f_story.html
White House and Congress clash over liability protections for businesses as firms cautiously weigh virus reopening plans,https://www.washingtonpost.com/us-policy/2020/05/03/congress-coronavirus-legal-liability/
The Trump administration keeps downgrading its economic projections amid the coronavirus pandemic,https://www.washingtonpost.com/politics/2020/05/18/trump-administration-keeps-downgrading-its-economic-projections-amid-coronavirus-pandemic/
Trump’s effort to wish away the coronavirus enters ‘the next stage’,https://www.washingtonpost.com/politics/2020/05/06/trumps-effort-wish-away-coronavirus-enters-next-stage/
The sharp hypocrisy of the White House position on testing,https://www.washingtonpost.com/politics/2020/05/07/sharp-hypocrisy-white-house-position-testing/
Trump visit to Pennsylvania factory that produces PPE materials was scuttled after plant officials expressed concerns about health risks,https://www.washingtonpost.com/politics/trump-visit-to-pennsylvania-factory-that-produces-ppe-materials-was-scuttled-after-plant-officials-expressed-concerns-about-health-risks/2020/05/11/10aa97ec-917a-11ea-9e23-6914ee410a5f_story.html
"How George Conway’s super PAC needled Trump with a small-budget ad, helping it go viral",https://www.washingtonpost.com/politics/how-george-conways-super-pac-needled-trump-with-a-small-budget-ad-helping-it-go-viral/2020/05/08/66cb7e1c-90a7-11ea-a0bc-4e9ad4866d21_story.html
"Confronted with horrendous jobs report, White House and congressional Democrats aren’t even talking",https://www.washingtonpost.com/us-policy/2020/05/09/confronted-with-horrendous-jobs-report-white-house-congressional-democrats-arent-even-talking/
A listener’s guide to the Supreme Court battle over Trump’s tax returns and business records,https://www.washingtonpost.com/politics/courts_law/a-listeners-guide-to-the-supreme-court-battle-over-trumps-tax-returns-and-business-records/2020/05/11/54070184-93d1-11ea-91d7-cf4423d47683_story.html
Trump claims China travel restrictions prove he took coronavirus ‘very seriously.’ There are two major problems with that.,https://www.washingtonpost.com/politics/2020/03/02/trumps-airing-grievances-coronavirus-is-overcooked/
"How misinformation, filtered through Fox and conservative media, quickly became Trump administration policy",https://www.washingtonpost.com/politics/2020/05/11/how-misinformation-filtered-through-fox-news-conservative-media-became-trump-administration-policy/
The Health 202: The Trump administration is pulling Medicare and Medicaid levers to combat coronavirus,https://www.washingtonpost.com/politics/the-health-202-the-trump-administration-is-pulling-medicare-and-medicaid-levers-to-combat-coronavirus/2020/03/18/d43164da-639c-4f75-89f0-f865740cc5f3_story.html
Americans deeply wary of reopening as White House weighs ending covid-19 task force,https://www.washingtonpost.com/politics/americans-deeply-wary-of-reopening-as-white-house-weighs-ending-covid-19-task-force/2020/05/05/d2efcbbe-8eec-11ea-9e23-6914ee410a5f_story.html
The White House is focused on per capita coronavirus death tolls. Here’s where we rank.,https://www.washingtonpost.com/politics/2020/05/04/white-house-is-focused-per-capita-coronavirus-death-tolls-heres-where-we-rank/
States relax coronavirus restrictions as U.S. fitfully seeks steps toward normalcy,https://www.washingtonpost.com/politics/states-relax-coronavirus-restrictions-as-us-fitfully-seeks-steps-toward-normalcy/2020/05/04/b90b03f4-8e00-11ea-a0bc-4e9ad4866d21_story.html
"As deaths mount, Trump tries to convince Americans it’s safe to inch back to normal",https://www.washingtonpost.com/politics/as-deaths-mount-trump-tries-to-convince-americans-its-safe-to-inch-back-to-normal/2020/05/09/bf024fe6-9149-11ea-a9c0-73b93422d691_story.html
"Donors can now give $620,600 to Biden and DNC, expanding Democratic big-money fundraising",https://www.washingtonpost.com/politics/donors-can-now-give-620600-to-biden-and-dnc-expanding-democratic-big-money-fundraising/2020/05/16/d2bf51cc-978a-11ea-82b4-c8db161ff6e5_story.html
Sen. Lindsey Graham rejects Trump’s call to summon Obama to testify on alleged ‘Obamagate’ conspiracy,https://www.washingtonpost.com/politics/sen-lindsey-graham-rejects-trumps-call-to-summon-obama-to-testify-on-alleged-obamagate-conspiracy/2020/05/14/62d0f146-95f9-11ea-82b4-c8db161ff6e5_story.html
Two big warning signs for Trump in the new coronavirus poll — signs he doesn’t seem to want to see,https://www.washingtonpost.com/politics/2020/05/12/2-big-warning-signs-trump-new-coronavirus-poll-signs-he-doesnt-seem-want-see/
Theory that Trump’s support is hampered by shy voters returns for another election cycle,https://www.washingtonpost.com/politics/2020/05/13/theory-that-trumps-support-is-hampered-by-shy-voters-returns-another-election-cycle/
Biden decries pandemic’s effects on black and Latino communities,https://www.washingtonpost.com/politics/biden-decries-pandemics-effects-on-black-and-latino-communities/2020/05/04/6af42046-8e3d-11ea-a0bc-4e9ad4866d21_story.html
Never Trumpers will host their own ‘Republican convention’ during the RNC,https://www.washingtonpost.com/politics/2020/05/15/never-trumpers-will-host-their-own-republican-convention-during-rnc/
"The Health 202: Texts to federal government mental health hotline up roughly 1,000 percent",https://www.washingtonpost.com/politics/the-health-202-texts-to-federal-government-mental-health-hotline-up-roughly-1000-percent/2020/05/04/32fc754c-ccbc-41de-8863-86b20f7eecff_story.html
"Trump narrowly outraised Biden in April, but maintains significant cash lead",https://www.washingtonpost.com/politics/trump-narrowly-outraised-biden-in-april-but-maintains-significant-cash-lead/2020/05/11/d8d5be4e-93ec-11ea-91d7-cf4423d47683_story.html
Trump flouts coronavirus protocols as security experts warn of need to protect president from a lethal threat,https://www.washingtonpost.com/politics/trump-flouts-coronavirus-protocols-as-security-experts-warn-of-need-to-protect-president-from-a-lethal-threat/2020/05/08/3a6a9cec-9136-11ea-a9c0-73b93422d691_story.html
How much of Trump’s presidency has he spent tweeting?,https://www.washingtonpost.com/politics/2020/05/12/how-much-trumps-presidency-has-he-spent-tweeting/
Trump presses immunity argument in Summer Zervos defamation case,https://www.washingtonpost.com/politics/trump-presses-immunity-argument-in-summer-zervos-defamation-case/2020/05/12/87abadce-9461-11ea-82b4-c8db161ff6e5_story.html
"Obama’s former aides angry, hurt over Ronny Jackson’s embrace of Trump’s conspiracy theories",https://www.washingtonpost.com/politics/2020/05/14/obamas-former-aides-angry-hurt-over-ronny-jacksons-embrace-trumps-conspiracies/
Power Up: Trump wants a ‘transition to greatness.’ But Americans still fear the risks of reopening.,https://www.washingtonpost.com/politics/power-up-trump-wants-a-transition-to-greatness-but-americans-still-fear-the-risks-of-reopening/2020/05/12/a8213a4d-b2e2-48ce-82ab-b02d3b3ed732_story.html
"Biden virtual Tampa rally runs into glitches, awkwardness and blank screens",https://www.washingtonpost.com/politics/biden-virtual-tampa-rally-runs-into-glitches-awkwardness-and-blank-screens/2020/05/07/03bb7b36-906d-11ea-9e23-6914ee410a5f_story.html
The Finance 202: House Democrats’ relief package is historically huge. Economists say it might not be enough.,https://www.washingtonpost.com/politics/the-finance-202-house-democrats-relief-package-is-historically-huge-economists-say-it-might-not-be-enough/2020/05/15/1f07788b-bebf-4ad2-952b-d4fb16f5c5a7_story.html
"Even at the best-protected workplace in the country, the virus finds a way in",https://www.washingtonpost.com/politics/2020/05/08/even-best-protected-employer-country-virus-finds-way/
"The Trump campaign’s tack on the Biden allegation: Focus on hypocrisy, not the case against him",https://www.washingtonpost.com/politics/2020/05/02/trump-campaigns-tack-biden-allegation-focus-hypocrisy-not-case-against-him/
"Trump, reversing course, says coronavirus task force will continue ‘indefinitely’",https://www.washingtonpost.com/politics/trump-reversing-course-says-coronavirus-task-force-will-continue-indefinitely/2020/05/06/8434a94c-8fad-11ea-a9c0-73b93422d691_story.html
What today’s special elections in California and Wisconsin mean for the parties,https://www.washingtonpost.com/politics/what-todays-special-elections-in-california-and-wisconsin-mean-for-the-parties/2020/05/12/bce83b26-c6fd-421a-b0be-87bf33154c7c_story.html
Fauci’s warning about reopening may have more influence over Americans than governors,https://www.washingtonpost.com/politics/2020/05/12/faucis-warning-about-reopening-may-have-more-influence-over-americans-than-governors/
Trump calls Romney a ‘LOSER’ following sharp criticism for firing inspectors general,https://www.washingtonpost.com/politics/trump-calls-romney-a-loser-following-sharp-criticism-for-firing-inspectors-general/2020/05/18/8c0a0be2-9919-11ea-ac72-3841fcc9b35f_story.html
"Lots of talk — but so far no action — about second $1,200 stimulus check for U.S. households",https://www.washingtonpost.com/us-policy/2020/05/14/treasury-coronavirus-second-stimulus-check-1200/
Biden calls out Trump for testing his staff while telling Americans testing isn’t necessary,https://www.washingtonpost.com/politics/biden-calls-out-trump-for-testing-his-staff-while-telling-americans-testing-isnt-necessary/2020/05/11/34bb96d2-9390-11ea-9f5e-56d8239bf9ad_story.html
"Americans widely oppose reopening most businesses, despite easing of restrictions in some states, Post-U. Md. poll finds",https://www.washingtonpost.com/politics/americans-widely-oppose-reopening-most-businesses-despite-easing-of-restrictions-in-some-states-post-u-md-poll-finds/2020/05/04/495ddc3a-8e36-11ea-9e23-6914ee410a5f_story.html
"Biden surge, coronavirus spread force reappraisal of the general election",https://www.washingtonpost.com/politics/biden-surge-coronavirus-spread-force-reappraisal-of-the-general-election/2020/03/14/104dba02-660c-11ea-b3fc-7841686c5c57_story.html
House tells Supreme Court that Mueller grand jury material is needed now,https://www.washingtonpost.com/politics/courts_law/house-tells-supreme-court-that-mueller-grand-jury-material-is-needed-now/2020/05/18/c6f28bec-9925-11ea-ac72-3841fcc9b35f_story.html
The Health 202: Nursing home residents may account for one-half of all U.S. coronavirus deaths,https://www.washingtonpost.com/politics/the-health-202-nursing-home-residents-may-account-for-one-half-of-all-us-coronavirus-deaths/2020/05/07/9442b4ec-ae71-4dfe-86f5-7d01dea5192d_story.html
The audacity of those comparing ‘open up’ protesters to Rosa Parks,https://www.washingtonpost.com/politics/2020/05/01/problems-with-holding-up-open-up-protesters-legacy-rosa-parks/
"Many governors win bipartisan support for handling of pandemic, but some Republicans face blowback over reopening efforts",https://www.washingtonpost.com/politics/many-governors-win-bipartisan-support-for-handling-of-pandemic-but-some-republicans-face-blowback-over-reopening-efforts/2020/05/11/8e98500e-93d2-11ea-9f5e-56d8239bf9ad_story.html
The Daily 202: Fauci offers coronavirus reality checks – and a warning to not be ‘cavalier’ about the risk to kids,https://www.washingtonpost.com/politics/the-daily-202-fauci-offers-coronavirus-reality-checks--and-a-warning-to-not-be-cavalier-about-the-risk-to-kids/2020/05/13/e6683129-09bb-473c-8d04-09364d4320ba_story.html
White House blocks Fauci from testifying before House panel next week,https://www.washingtonpost.com/us-policy/2020/05/01/congress-fauci-coronavirus/
Trump expresses support for angry anti-shutdown protesters as more states lift coronavirus lockdowns,https://www.washingtonpost.com/politics/trump-expresses-support-for-angry-anti-shutdown-protesters-as-more-states-lift-coronavirus-lockdowns/2020/05/01/25570dbe-8b9f-11ea-8ac1-bfb250876b7a_story.html
Fox News and Trump allies keep floating debunked theories about an inflated coronavirus death toll,https://www.washingtonpost.com/politics/2020/05/04/fox-news-trump-allies-keep-searching-evidence-an-inflated-coronavirus-death-toll-all-wrong-places/
What does it mean for the battle for the House now that a Republican won a Democratic-held seat in California?,https://www.washingtonpost.com/politics/2020/05/13/what-does-it-signal-battle-house-if-republican-wins-californias-special-election/
Just how much trouble could Sen. Burr be in for his coronavirus stock trades?,https://www.washingtonpost.com/politics/2020/05/14/just-how-much-trouble-could-sen-burr-be-his-coronavirus-stock-trades/
Drug promoted by Trump as coronavirus ‘game changer’ increasingly linked to deaths,https://www.washingtonpost.com/politics/drug-promoted-by-trump-as-coronavirus-game-changer-increasingly-linked-to-deaths/2020/05/15/85d024fe-96bd-11ea-9f5e-56d8239bf9ad_story.html
Trump’s inexplicable ‘Fox and Friends’ admission about hiring Jeff Sessions,https://www.washingtonpost.com/politics/2020/05/08/trump-inadvertently-blames-himself-alleged-rot-fbi/
The Daily 202: Billions are out of work and millions of kids could die from coronavirus’s economic fallout,https://www.washingtonpost.com/politics/the-daily-202-billions-are-out-of-work-and-millions-of-kids-could-die-from-coronaviruss-economic-fallout/2020/05/15/351da6ae-77d8-43fc-9bc4-05dda608286a_story.html
"As White House pushes firms to reopen, new report says much of bailout stimulus money remains unspent",https://www.washingtonpost.com/us-policy/2020/05/18/treasury-coronavirus-bailout-fund-cares-act/
A Trump talking point flips: More Americans are now unemployed than ever before,https://www.washingtonpost.com/politics/2020/05/08/trump-talking-point-flips-more-americans-are-now-unemployed-than-ever-before/
The Technology 202: U.S. gears up for privacy debate as coronavirus phone monitoring expands globally,https://www.washingtonpost.com/politics/the-technology-202-us-gears-up-for-privacy-debate-as-coronavirus-phone-monitoring-expands-globally/2020/05/04/d1cc714e-0e7c-44bc-8ef7-13021eb9117a_story.html
Trump labels Americans as ‘warriors’ in risky push to reopen amid pandemic,https://www.washingtonpost.com/politics/trump-warriors-coronavirus-pandemic-reopen/2020/05/07/579c631a-9071-11ea-a0bc-4e9ad4866d21_story.html
The Daily 202: Coronavirus death toll is possible casualty of growing rift between President Trump and CDC,https://www.washingtonpost.com/politics/the-daily-202-coronavirus-death-toll-is-possible-casualty-of-growing-rift-between-president-trump-and-cdc/2020/05/18/3d8487c9-9aa3-4143-b5be-5e434a7f10d7_story.html
The Finance 202: Top CEO says business leaders are worried about a W-shaped recovery,https://www.washingtonpost.com/politics/the-finance-202-top-ceo-says-businessmen-are-worried-about-a-w-shaped-recovery/2020/05/04/6247b95b-1c6a-4238-915a-229420ca99a0_story.html
Trump vetoes congressional resolution limiting his military authority against Iran,https://www.washingtonpost.com/politics/trump-vetoes-congressional-resolution-limiting-his-military-authority-against-iran/2020/05/06/ec52845e-8fdf-11ea-8df0-ee33c3f5b0d6_story.html
Biden says he does not remember Tara Reade,https://www.washingtonpost.com/politics/biden-says-he-does-not-remember-tara-reade/2020/05/15/059f6794-9655-11ea-91d7-cf4423d47683_story.html
White House implements stringent mask policy — but not for Trump,https://www.washingtonpost.com/politics/white-house-implements-stringent-mask-policy--but-not-for-trump/2020/05/11/6fe9ccbc-93a2-11ea-82b4-c8db161ff6e5_story.html
The Cybersecurity 202: Security pros form alliance to help hospitals facing hacking threats during pandemic,https://www.washingtonpost.com/politics/the-cybersecurity-202-security-pros-form-alliance-to-help-hospitals-facing-hacking-threats-during-coronavirus/2020/05/04/732d748d-8f17-4af0-85b7-22787af03cd3_story.html
Trump just came close to a moment of clarity on his coronavirus coverage,https://www.washingtonpost.com/politics/2020/03/17/trump-just-came-very-close-moment-clarity-his-coronavirus-coverage/
Kayleigh McEnany’s slippery defense of saying coronavirus will not ‘come here’,https://www.washingtonpost.com/politics/2020/05/06/mcenanys-slippery-defense-saying-coronavirus-will-not-come-here/
"Supreme Court debate over Trump’s tax returns, business records points to a mixed outcome",https://www.washingtonpost.com/politics/2020/05/12/trump-taxes-scotus-hearing-live/
Voting registration activists are shifting their message to health care during the coronavirus pandemic,https://www.washingtonpost.com/politics/2020/05/18/voting-registration-activists-are-shifting-their-message-health-care-during-coronavirus-pandemic/
The Energy 202: National parks start to reopen as agency ‘worst case scenario’ projects staff hospitalizations,https://www.washingtonpost.com/politics/the-energy-202-national-parks-start-to-reopen-as-agency-worst-case-scenario-projects-staff-hospitalizations/2020/05/06/ee1b888c-43ff-440e-8993-3877839f1016_story.html
William Barr just punched a hole in Trump’s baseless ‘Obamagate’ trial balloon,https://www.washingtonpost.com/politics/2020/05/18/william-barr-just-punched-hole-trumps-baseless-obamagate-trial-balloon/
Trump replaces HHS watchdog who found ‘severe shortages’ at hospitals combating coronavirus,https://www.washingtonpost.com/politics/trump-replaces-hhs-watchdog-who-found-severe-shortages-at-hospitals-combating-coronavirus/2020/05/02/6e274372-8c87-11ea-ac8a-fe9b8088e101_story.html
The Trump campaign’s egregious editing of a CNN clip,https://www.washingtonpost.com/politics/2020/05/06/trump-campaigns-egregious-editing-cnn-clip/
Democrats’ hold on House seat in jeopardy as coronavirus complicates vote in California,https://www.washingtonpost.com/politics/democrats-hold-on-house-seat-in-jeopardy-as-coronavirus-complicates-vote-in-california/2020/05/06/4a206a14-8b3b-11ea-ac8a-fe9b8088e101_story.html
The Finance 202: Small businesses got economic relief. Understanding how to use it is much harder.,https://www.washingtonpost.com/politics/the-finance-202-small-businesses-got-economic-relief-understanding-how-to-use-it-is-much-harder/2020/05/14/f9b1989d-0133-407c-81f9-9179107adb64_story.html
The partisan revolt against efforts to fight the virus isn’t as big as you might think,https://www.washingtonpost.com/politics/2020/05/13/partisan-revolt-against-efforts-fight-virus-isnt-big-you-might-think/
The Daily 202: Barr and Trump hint at coming moves after Flynn is let off,https://www.washingtonpost.com/politics/the-daily-202-barr-and-trump-hint-at-coming-moves-after-flynn-is-let-off/2020/05/08/9015ba3f-61f5-43e7-83a8-caac49cd142d_story.html
"The Daily 202: Sitting in Lincoln’s shadow, Trump casts himself as a victim amid coronavirus crisis",https://www.washingtonpost.com/politics/the-daily-202-sitting-in-lincolns-shadow-trump-casts-himself-as-a-victim-amid-coronavirus-crisis/2020/05/04/807cf5aa-0710-40e2-8aa8-e7009642ddab_story.html
The Finance 202: House Democrats are rallying behind a plan to replace and expand on the PPP,https://www.washingtonpost.com/politics/the-finance-202-house-democrats-are-rallying-behind-a-plan-to-replace-and-expand-on-the-ppp/2020/05/08/c7ed173a-00d0-48e0-9e57-900de8aab9a6_story.html
Trump says coronavirus will disappear without a vaccine. Fauci has said the opposite.,https://www.washingtonpost.com/politics/2020/05/08/trump-says-coronavirus-will-disappear-without-vaccine-fauci-has-said-opposite/
The Daily 202: Steve King claims he’ll get committee positions back. Some House Republicans promise to fight him.,https://www.washingtonpost.com/politics/the-daily-202-steve-king-claims-hell-get-committee-positions-back-some-house-republicans-promise-to-fight-him/2020/05/14/c6248e0f-faa9-49f9-9e93-c0c7cf049f82_story.html
What’s happening in states that reopened their economies? It’s complicated.,https://www.washingtonpost.com/politics/2020/05/13/whats-happening-states-that-reopened-their-economies-its-complicated/
Fox News viewers are more confident in Trump on coronavirus than are Republicans,https://www.washingtonpost.com/politics/2020/03/18/fox-news-viewers-are-more-confident-trump-coronavirus-than-are-republicans/
Biden vs. Trump: The ad battle over China and the coronavirus,https://www.washingtonpost.com/politics/2020/05/15/biden-versus-trump-ad-battle-over-china-coronavirus/
This might be the wrongest thing Trump has said about coronavirus,https://www.washingtonpost.com/politics/2020/05/11/this-may-be-wrongest-thing-trump-has-ever-said-about-coronavirus/
The White House effort to prove that staying home is as deadly as the coronavirus comes up short,https://www.washingtonpost.com/politics/2020/05/12/white-house-effort-prove-that-staying-home-is-deadly-coronavirus-comes-up-short/
‘It’s scary to go to work’ at the White House or Senate — making it tricky for Trump to argue Americans should return to work,https://www.washingtonpost.com/politics/2020/05/11/its-scary-go-work-white-house-or-senate-making-it-tricky-trump-argue-that-americans-should-return-work/
Power Up: Virtual coronavirus hearing shows Washington zooming to new normal,https://www.washingtonpost.com/politics/power-up-virtual-coronavirus-hearing-shows-washington-zooming-to-new-normal/2020/05/13/453d7371-ccec-4ed5-8f6b-c9411695a779_story.html
"I signed up as a Trump supporter, then a Biden supporter. Here’s what happened next.",https://www.washingtonpost.com/politics/i-signed-up-as-a-trump-supporter-then-a-biden-supporter-heres-what-happened-next/2020/05/07/6ca67e04-758c-4355-9c6a-e95dcf961554_story.html
Power Up: Two key Trump administration nominees came to Capitol Hill. Both say they can be trusted not to politicize their jobs.,https://www.washingtonpost.com/politics/power-up-two-key-trump-administration-nominees-came-to-capitol-hill-both-say-they-can-be-trusted-not-to-politicize-their-jobs/2020/05/06/34a0d96c-1616-4cfc-a954-67615e1fb43e_story.html
Pompeo’s moves against inspector general leave a trail of questions and a department divided,https://www.washingtonpost.com/national-security/pompeos-moves-against-inspector-general-leave-a-trail-of-questions-and-a-department-divided/2020/05/18/ec34524e-9945-11ea-b60c-3be060a4f8e1_story.html
Trump’s demand for payroll tax cut is rebuffed on Capitol Hill as lawmakers spar over next virus aid bill,https://www.washingtonpost.com/politics/trumps-demand-for-payroll-tax-cut-is-rebuffed-on-capitol-hill-as-lawmakers-spar-over-next-virus-aid-bill/2020/05/05/7691349e-8eeb-11ea-8df0-ee33c3f5b0d6_story.html
"Trump valet tests positive for coronavirus, sparking fear of West Wing spread",https://www.washingtonpost.com/politics/trump-valet-tests-positive-for-conronavirus-sparking-fear-of-west-wing-spread/2020/05/07/c6b6ce82-9082-11ea-a9c0-73b93422d691_story.html
Biden video uses misleading edits to hype Trump’s remarks to nurse,https://www.washingtonpost.com/politics/2020/05/13/biden-video-uses-misleading-edits-hype-trumps-remarks-nurse/
"Secret Service signs $179,000 contract to rent golf carts in Bedminster, N.J., this summer",https://www.washingtonpost.com/politics/secret-service-signs-179000-contract-to-rent-golf-carts-in-bedminster-nj-this-summer/2020/05/15/f9c09642-96b7-11ea-91d7-cf4423d47683_story.html
Timeline: The more than 50 times Trump has downplayed the coronavirus threat,https://www.washingtonpost.com/politics/2020/03/12/trump-coronavirus-timeline/
Trump’s flimsy attack on vaccine official warning about hydroxychloroquine,https://www.washingtonpost.com/politics/2020/05/19/trumps-flimsy-attack-vaccine-official-warning-about-hydroxychloroquine/
White House aides rattled after positive coronavirus tests and officials send mixed messages on how to respond,https://www.washingtonpost.com/politics/white-house-aides-rattled-after-positive-coronavirus-tests-and-officials-send-mixed-message-on-how-to-respond/2020/05/09/6dab2df6-920d-11ea-a9c0-73b93422d691_story.html
"The Finance 202: Congressional Republicans resisting more coronavirus relief draw opposition from Fed, economists",https://www.washingtonpost.com/politics/the-finance-202-congressional-republicans-resisting-more-coronavirus-relief-draw-opposition-from-fed-economists/2020/05/12/cc2788d3-4070-45d5-960e-1e581d2b0b61_story.html
Power Up: Coronavirus hasn’t stopped Trump and his Justice Department from acting to settle political scores,https://www.washingtonpost.com/politics/power-up-coronavirus-hasnt-stopped-trump-and-his-justice-department-from-acting-to-settle-political-scores/2020/05/08/f0140370-386f-49fd-8cf2-4987e0e12b55_story.html
"The Finance 202: Pelosi, McConnell clash on next phase of economic relief from coronavirus shock",https://www.washingtonpost.com/politics/the-finance-202-pelosi-mcconnell-clash-on-next-phase-of-economic-relief-from-coronavirus-shock/2020/05/06/5c76042a-1ee5-4627-a201-3ecfb862602c_story.html
The ‘very fine people’ at Charlottesville: Who were they?,https://www.washingtonpost.com/politics/2020/05/08/very-fine-people-charlottesville-who-were-they-2/
"Trump’s company has received at least $970,000 from U.S. taxpayers for room rentals",https://www.washingtonpost.com/politics/trumps-company-has-received-at-least-970000-from-us-taxpayers-for-room-rentals/2020/05/14/26d27862-916d-11ea-9e23-6914ee410a5f_story.html
Trump encourages Pompeo to run for Senate but secretary of state rebuffs him,https://www.washingtonpost.com/politics/trump-encourages-pompeo-to-run-for-senate-but-secretary-of-state-rebuffs-him/2020/05/14/16e23fc4-9563-11ea-8107-acde2f7a8d6e_story.html
The key political fight of this era: Trump vs. accountability,https://www.washingtonpost.com/politics/2020/05/18/key-political-fight-this-era-trump-vs-accountability/
"Asked to choose between Trump and Fox News, Republicans are more likely to trust Trump",https://www.washingtonpost.com/politics/2020/05/05/asked-choose-between-trump-fox-news-republicans-are-more-likely-trust-trump/
The Finance 202: Trump team’s contradictory messages risk undermining push to reopen the economy,https://www.washingtonpost.com/politics/the-finance-202-trump-teams-contradictory-messages-risk-undermining-push-to-reopen-the-economy/2020/05/11/e96be5a0-aed5-453c-b142-e3baa85d7425_story.html
When Trump covered for China’s alleged coronavirus coverup,https://www.washingtonpost.com/politics/2020/05/07/when-trump-covered-chinas-alleged-coronavirus-coverup/
The Cybersecurity 202: Commission that pushed a cybersecurity overhaul hopes coronavirus boosts the effort,https://www.washingtonpost.com/politics/the-cybersecurity-202-commission-that-pushed-a-cybersecurity-overhaul-hopes-coronavirus-boosts-the-effort/2020/05/15/017e8fb3-b79d-41ad-acd5-bc340bc2f0fc_story.html
Power Up: CDC’s delayed guidance leaves states and businesses making tough reopening decisions,https://www.washingtonpost.com/politics/power-up-cdcs-delayed-guidance-leaves-states-and-businesses-making-tough-reopening-decisions/2020/05/15/668f12e1-5226-4cc4-b0b6-acd2f470a0ab_story.html
The administration keeps bragging that U.S. testing now is better than South Korea’s was months ago,https://www.washingtonpost.com/politics/2020/05/11/administration-keeps-bragging-that-us-testing-now-is-better-than-south-koreas-was-months-ago/
What we know about Tara Reade’s sexual assault allegation against Joe Biden,https://www.washingtonpost.com/politics/2020/04/30/who-is-tara-reade-biden-accuser/
"Trump takes aim at Fauci, as GOP views of the expert quickly sour",https://www.washingtonpost.com/politics/2020/05/13/republicans-are-increasingly-turning-against-fauci/
Believe Tara Reade or Joe Biden? Voters are split.,https://www.washingtonpost.com/politics/2020/05/06/believe-tara-reade-or-joe-biden-voters-are-split/
Walking through Trump’s numerous defenses of his handling of the coronavirus pandemic,https://www.washingtonpost.com/politics/2020/05/08/walking-through-trumps-numerous-defenses-his-handling-coronavirus-pandemic/
"As much of America takes drastic action, some Republicans remain skeptical of the severity of the coronavirus pandemic",https://www.washingtonpost.com/politics/as-much-of-america-takes-drastic-action-some-republicans-remain-skeptical-of-the-severity-of-the-coronavirus-pandemic/2020/03/17/f8b199c8-6786-11ea-b313-df458622c2cc_story.html
"Biden to go after Trump in November in Republican states such as Arizona, Texas and Georgia, campaign says",https://www.washingtonpost.com/politics/biden-to-go-after-trump-in-november-in-republican-states-like-arizona-texas-and-georgia-campaign-says/2020/05/15/26c92810-96c8-11ea-82b4-c8db161ff6e5_story.html
Trump says he nominated Sessions as attorney general even though he wasn’t ‘equipped’ for the job,https://www.washingtonpost.com/politics/trump-says-he-nominated-sessions-as-attorney-general-even-though-he-wasnt-equipped-for-the-job/2020/05/08/78f369be-912f-11ea-9e23-6914ee410a5f_story.html
Six takeaways from Anthony Fauci’s and other health officials’ testimony,https://www.washingtonpost.com/politics/2020/05/12/3-early-takeaways-anthony-faucis-health-officials-testimony/
Trump uses White House events to project return to normalcy while relying on testing that public lacks,https://www.washingtonpost.com/politics/trump-white-house-events-coronavirus-testing/2020/05/01/21a9b5bc-8bbe-11ea-ac8a-fe9b8088e101_story.html
Trump tightens grip on coronavirus information as he pushes to restart the economy,https://www.washingtonpost.com/politics/trump-tightens-grip-on-coronavirus-information-as-he-pushes-to-restart-the-economy/2020/05/07/d4a05e42-9068-11ea-a9c0-73b93422d691_story.html
Trump’s sudden upward revision of the coronavirus death toll is still baselessly optimistic,https://www.washingtonpost.com/politics/2020/05/04/trumps-sudden-upward-revision-coronavirus-death-toll-is-still-baselessly-optimistic/
"As coronavirus roils the nation, Trump reverts to tactic of accusing foes of felonies",https://www.washingtonpost.com/politics/trump-reverts-to-tactic-of-accusing-foes-of-felonies-as-coronavirus-roils-the-nation/2020/05/12/2028bf88-9467-11ea-9f5e-56d8239bf9ad_story.html
The Health 202: Coronavirus is shifting from urban areas to rural ones,https://www.washingtonpost.com/politics/the-health-202-coronavirus-is-shifting-from-the-urban-areas-to-rural-ones/2020/05/06/f7b75ed3-9f5a-4375-8314-b803355ef8b2_story.html
Hypocrisy watch: Republicans who championed inspectors general under Obama stand by as Trump purges them,https://www.washingtonpost.com/politics/2020/05/18/hypocrisy-watch-republicans-who-championed-inspectors-general-under-obama-stand-by-trump-purges-them/
Trump says he shares his famed uncle’s science genius. A friend says the uncle ‘would have been horrified.’,https://www.washingtonpost.com/politics/trump-says-he-shares-his-famed-uncles-science-genius-a-friend-says-the-uncle-would-have-been-horrified/2020/05/03/76f58726-898e-11ea-9759-6d20ba0f2c0e_story.html
"Obama says end to Michael Flynn case puts rule of law at risk, calls covid-19 response a ‘disaster’",https://www.washingtonpost.com/politics/2020/05/09/obama-michael-flynn-call/
A top aide to Vice President Pence tests positive for coronavirus,https://www.washingtonpost.com/politics/a-top-aide-to-vice-president-pence-tests-positive-for-coronavirus/2020/05/08/7d80520c-914e-11ea-a0bc-4e9ad4866d21_story.html
First meeting of coronavirus oversight panel reflects Congress’s struggle to stake out role in addressing pandemic,https://www.washingtonpost.com/politics/first-meeting-of-coronavirus-oversight-panel-reflects-congresss-struggle-to-stake-out-role-in-addressing-pandemic/2020/05/13/17cea566-953c-11ea-91d7-cf4423d47683_story.html
"The Finance 202: American consumers aren’t ready to shop again, even as states reopen",https://www.washingtonpost.com/politics/the-finance-202-american-consumers-arent-ready-to-shop-again-even-as-states-reopen/2020/05/05/0a6e26f5-da38-4263-bd05-e61ac0bdd349_story.html
Trump cheers on governors even as they ignore White House coronavirus guidelines in race to reopen,https://www.washingtonpost.com/politics/trump-cheers-on-governors-as-they-ignore-white-house-coronovirus-guidelines-in-race-to-reopen/2020/05/04/bedc6116-8e18-11ea-a0bc-4e9ad4866d21_story.html
The Cybersecurity 202: Internet-based voting is the new front in the election security wars,https://www.washingtonpost.com/politics/the-cybersecurity-202-internet-based-voting-is-the-new-front-in-the-election-security-wars/2020/05/11/d7391870-6066-407d-a6e2-7a129be5941d_story.html
Trump’s vicious claim that Joe Scarborough might have murdered an aide,https://www.washingtonpost.com/politics/2020/05/12/trumps-vicious-claim-that-joe-scarborough-might-have-murdered-an-aide/
"Eric Trump claims coronavirus is Democratic hoax, will ‘magically’ vanish after 2020 election",https://www.washingtonpost.com/politics/2020/05/17/eric-trump-coronavirus/
Fauci warns Senate that reopening U.S. too quickly could lead to avoidable ‘suffering and death’,https://www.washingtonpost.com/politics/2020/05/12/fauci-testimony-senate-coronavirus/
Trump’s Mother’s Day tweetstorm accusing Obama of crimes,https://www.washingtonpost.com/politics/2020/05/12/trumps-mothers-day-tweet-storm-accusing-obama-crimes/
How a Flynn theory became central to the Trump reelection campaign,https://www.washingtonpost.com/politics/seven-days-of-obamagate-how-a-flynn-theory-became-central-to-the-trump-reelection-campaign/2020/05/14/e698bfba-960b-11ea-82b4-c8db161ff6e5_story.html
The Daily 202: White House moves to shield Trump from oversight of his coronavirus response,https://www.washingtonpost.com/politics/the-daily-202-white-house-moves-to-shield-trump-from-oversight-of-his-coronavirus-response/2020/05/05/fb3b2f82-3b3f-4e2f-acc4-f6ebc88babfb_story.html
The White House’s self-serving approach to estimating the deadliness of the coronavirus,https://www.washingtonpost.com/politics/2020/05/05/white-houses-self-serving-approach-estimating-deadliness-coronavirus/
Mask or no mask? Face coverings become tool in partisan combat.,https://www.washingtonpost.com/politics/in-virus-response-riven-by-politics-masks-are-latest-rorschach-test/2020/05/12/698477d4-93e6-11ea-91d7-cf4423d47683_story.html
"Despite Eric Trump’s rhetoric, social distancing measures might hurt Democrats more than his father",https://www.washingtonpost.com/politics/2020/05/18/despite-eric-trumps-rhetoric-social-distancing-measures-might-hurt-democrats-more-than-his-father/
Trump campaign divided over how to attack Biden amid worries over troubling poll numbers,https://www.washingtonpost.com/politics/trump-campaign-divided-over-how-to-attack-biden-amid-worries-over-troubling-poll-numbers/2020/05/02/2dcf8740-8bf0-11ea-8ac1-bfb250876b7a_story.html
"What is ‘Obamagate,’ anyway? And how does it involve Michael Flynn?",https://www.washingtonpost.com/politics/2020/05/14/what-is-obamagate-how-does-it-involve-michael-flynn/
34 days of pandemic: Inside Trump’s desperate attempts to reopen America,https://www.washingtonpost.com/politics/34-days-of-pandemic-inside-trumps-desperate-attempts-to-reopen-america/2020/05/02/e99911f4-8b54-11ea-9dfd-990f9dcc71fc_story.html
Trump’s slow-motion Friday night massacre of inspectors general,https://www.washingtonpost.com/politics/2020/05/16/trumps-slow-moving-friday-night-massacre-inspectors-general/
"The Energy 202: It’s not just oil. The coronavirus crisis is hitting solar and wind work, too.",https://www.washingtonpost.com/politics/the-energy-202-its-not-just-oil-the-coronavirus-crisis-is-hitting-solar-and-wind-work-too/2020/05/04/7adda982-fa67-4e09-9e2a-44a62185928c_story.html
Trump praised West Virginia for keeping coronavirus out. That’s not how this works.,https://www.washingtonpost.com/politics/2020/03/17/trump-praised-west-virginia-keeping-coronavirus-out-thats-not-how-this-works/
"Nonprofit run by Trump nominee to head U.S. media agency is under investigation, senator says",https://www.washingtonpost.com/politics/nonprofit-run-by-trump-nominee-to-head-us-media-agency-is-under-investigation-senator-says/2020/05/14/2afa07ca-962c-11ea-8107-acde2f7a8d6e_story.html
Here’s what has happened to the people prosecuted by Robert Mueller’s team,https://www.washingtonpost.com/politics/2020/05/07/heres-whats-happened-people-prosecuted-by-robert-muellers-team/
Understanding the twists and turns in the Michael Flynn case,https://www.washingtonpost.com/politics/2020/05/07/understanding-twists-turns-michael-flynn-case/
Power Up: President Trump and Secretary of State Mike Pompeo continue to push unsubstantiated Wuhan lab theory on novel coronavirus origins,https://www.washingtonpost.com/politics/power-up-president-trump-and-secretary-of-state-mike-pompeo-continue-to-push-unsubstantiated-wuhan-lab-theory-on-novel-coronavirus-origins/2020/05/04/7c8853ba-957a-4b98-ac18-47fb531f6d5e_story.html
She’s a U.S. citizen. He’s not. Their family can’t get a stimulus check.,https://www.washingtonpost.com/politics/shes-a-us-citizen-hes-not-their-family-cant-get-a-stimulus-check/2020/05/08/4dbc64cc-916a-11ea-8df0-ee33c3f5b0d6_story.html
Sanders faces growing pressure to withdraw from presidential race,https://www.washingtonpost.com/politics/sanders-faces-growing-pressure-to-withdraw-from-presidential-race/2020/03/17/1e17b57a-687d-11ea-b313-df458622c2cc_story.html
Biden invites the left in,https://www.washingtonpost.com/politics/biden-invites-the-left-in/2020/05/14/be3d692c-7227-492d-8ec3-c39ab7b46e5d_story.html
"15 minutes after pledging not to lie, Trump’s new press secretary made an obviously false claim",https://www.washingtonpost.com/politics/2020/05/01/15-minutes-after-pledging-not-lie-trumps-new-press-secretary-made-an-obviously-false-claim/
How accurate is Trump’s rosy picture of the spread of the coronavirus?,https://www.washingtonpost.com/politics/2020/05/11/how-accurate-is-trumps-rosy-picture-spread-coronavirus/
Devin Nunes’s bad cleanup effort after his coronavirus comments,https://www.washingtonpost.com/politics/2020/03/17/devin-nuness-bad-clean-up-effort-his-coronavirus-comments/
"Trump can’t delay the election, experts say",https://www.washingtonpost.com/politics/2020/04/24/can-president-trump-delay-election/
5 takeaways from coronavirus whistleblower Rick Bright’s testimony,https://www.washingtonpost.com/politics/2020/05/14/3-takeaways-coronavirus-whistleblower-rick-brights-testimony/
