web-scraper-order,web-scraper-start-url,title,title-href,link,link-href
"1590556804-12128","https://www.allsides.com/topics/china?search=china&page=38","SE Asian foreign ministers voice concerns on South China Sea","https://www.allsides.com/news/2016-02-27-1108/se-asian-foreign-ministers-voice-concerns-south-china-sea","Read full story","http://www.foxnews.com/world/2016/02/27/se-asian-foreign-ministers-voice-concerns-on-south-china-sea.html?intcmp=hpbt1"
"1590560580-12254","https://www.allsides.com/topics/china?search=china&page=5","Look What We Have Here: Hunter Biden Still a Board Member of Chinese Company He Said He Resigned From","https://www.allsides.com/news/2020-04-15-0636/look-what-we-have-here-hunter-biden-still-board-member-chinese-company-he-said","Read full story","https://townhall.com/tipsheet/mattvespa/2020/04/14/look-what-we-have-here-hunter-biden-still-a-board-member-of-chinese-company-he-said-he-resigned-from-n2566942"
"1590558531-12185","https://www.allsides.com/topics/china?search=china&page=22","Sensing vulnerability, China turns up the heat on Trump","https://www.allsides.com/news/2019-08-23-1204/sensing-vulnerability-china-turns-heat-trump","Read full story","https://www.washingtonexaminer.com/opinion/sensing-vulnerability-china-turns-up-the-heat-on-trump"
"1590558629-12189","https://www.allsides.com/topics/china?search=china&page=22","Hong Kong Protesters and Activists Say Withdrawal of Extradition Bill Is Too Little, Too Late","https://www.allsides.com/news/2019-09-04-1256/hong-kong-protesters-and-activists-say-withdrawal-extradition-bill-too-little","Read full story","https://www.theepochtimes.com/hong-kong-protesters-and-activists-say-withdrawal-of-extradition-bill-is-too-little-too-late_3068578.html"
"1590560761-12255","https://www.allsides.com/topics/china?search=china&page=2","Did Fauci contradict Pompeo on whether coronavirus outbreak originated in Wuhan lab?","https://www.allsides.com/news/2020-05-05-1320/did-fauci-contradict-pompeo-whether-coronavirus-outbreak-originated-wuhan-lab","Read full story","https://www.theblaze.com/news/fauci-pompeo-contradicts-wuhan-coronavirus-lab"
"1590556300-12113","https://www.allsides.com/topics/china?search=china&page=43","Postal Service confirms security breach, Chinese government hackers reportedly suspected","https://www.allsides.com/news/2014-11-10-1755/postal-service-confirms-security-breach-chinese-government-hackers-reportedly","Read full story","http://www.foxnews.com/politics/2014/11/10/postal-service-confirms-security-breach-chinese-govt-hackers-reportedly/"
"1590560287-12243","https://www.allsides.com/topics/china?search=china&page=7","Free speech group: U. California system cannot ban term ‘Chinese virus’","https://www.allsides.com/news/2020-04-01-1612/free-speech-group-u-california-system-cannot-ban-term-chinese-virus","Read full story","https://www.thecollegefix.com/free-speech-group-u-california-system-cannot-ban-term-chinese-virus/"
"1590556904-12139","https://www.allsides.com/topics/china?search=china&page=36","Why is Kim Jong-un Our Problem?","https://www.allsides.com/news/2017-04-19-1138/why-kim-jong-un-our-problem","Read full story","http://www.theamericanconservative.com/buchanan/why-is-kim-jong-un-our-problem/"
"1590557354-12151","https://www.allsides.com/topics/china?search=china&page=33","Sen. Rounds: Return to TPP to Reduce China's Advantage","https://www.allsides.com/news/2018-04-08-0933/sen-rounds-return-tpp-reduce-chinas-advantage","Read full story","https://www.newsmax.com/politics/mike-rounds-trump-no-deals-asia/2018/04/08/id/853232/"
"1590558892-12193","https://www.allsides.com/topics/china?search=china&page=19","NBA general manager's Hong Kong comments anger China","https://www.allsides.com/news/2019-10-07-1057/nba-general-managers-hong-kong-comments-anger-china","Read full story","https://www.foxbusiness.com/sports/rockets-general-managers-hong-kong-comments-anger-china"
"1590559577-12227","https://www.allsides.com/topics/china?search=china&page=12","Media discover ‘Wuhan virus’ and 'Chinese coronavirus’ are racist dog whistles just in time to attack Republicans","https://www.allsides.com/news/2020-03-11-0957/media-discover-wuhan-virus-and-chinese-coronavirus-are-racist-dog-whistles-just","Read full story","https://www.washingtonexaminer.com/opinion/media-discover-wuhan-virus-and-chinese-coronavirus-are-racist-dog-whistles-just-in-time-to-attack-republicans"
"1590556698-12125","https://www.allsides.com/topics/china?search=china&page=39","Yikes: Dow Drops 1,000 Points","https://www.allsides.com/news/2015-11-20-0544/yikes-dow-drops-1000-points","Read full story","http://townhall.com/tipsheet/cortneyobrien/2015/08/24/yikes-dow-drops-1000-points-n2042972"
"1590557762-12163","https://www.allsides.com/topics/china?search=china&page=30","Memo to Google: Don’t Go Back to China","https://www.allsides.com/news/2018-08-09-0625/memo-google-don%E2%80%99t-go-back-china","Read full story","https://www.nationalreview.com/2018/08/google-should-not-go-back-to-china/"
"1590557098-12142","https://www.allsides.com/topics/china?search=china&page=35","After North Korea missile test, Trump tweets: 'So much for China working with us'","https://www.allsides.com/news/2017-07-05-1129/after-north-korea-missile-test-trump-tweets-so-much-china-working-us","Read full story","http://www.foxnews.com/politics/2017/07/05/after-north-korea-missile-test-trump-tweets-so-much-for-china-working-with-us.html"
"1590558403-12184","https://www.allsides.com/topics/china?search=china&page=25","China blames US for trade war, says ‘nothing is agreed until everything is agreed’","https://www.allsides.com/news/2019-06-02-1103/china-blames-us-trade-war-says-%E2%80%98nothing-agreed-until-everything-agreed%E2%80%99","Read full story","https://www.foxbusiness.com/politics/china-blames-us-for-trade-war-says-nothing-is-agreed-until-everything-is-agreed"
"1590558582-12187","https://www.allsides.com/topics/china?search=china&page=22","Dow closes more than 300 points higher as China tamps down fears of trade-war escalation","https://www.allsides.com/news/2019-08-29-1357/dow-closes-more-300-points-higher-china-tamps-down-fears-trade-war-escalation","Read full story","https://www.marketwatch.com/story/dow-futures-up-over-250-points-as-china-tamps-down-fears-of-further-trade-war-escalation-2019-08-29"
"1590556853-12134","https://www.allsides.com/topics/china?search=china&page=37","How Trump Can Make Trade with China Work for America","https://www.allsides.com/news/2017-02-08-0623/how-trump-can-make-trade-china-work-america-read-more","Read full story","http://www.nationalreview.com/article/444612/donald-trump-china-trade-deals-should-foster-reciprocity"
"1590557188-12147","https://www.allsides.com/topics/china?search=china&page=34","The Number of llegal Aliens from China Arrested at the Border is on the Rise","https://www.allsides.com/news/2017-09-24-0844/number-llegal-aliens-china-arrested-border-rise","Read full story","https://townhall.com/tipsheet/timothymeads/2017/09/24/the-number-illegal-aliens-from-china-arrested-at-the-border-is-on-the-rise-n2385763"
"1590558035-12177","https://www.allsides.com/topics/china?search=china&page=27","Trump to Delay Tariff Increases on Chinese Imports","https://www.allsides.com/news/2019-02-25-0712/trump-delay-tariff-increases-chinese-imports","Read full story","https://www.wsj.com/articles/trump-to-delay-tariff-increases-on-chinese-imports-11551050187"
"1590559815-12233","https://www.allsides.com/topics/china?search=china&page=10","COVID-19 Is the Chinese Government’s Curse upon the World","https://www.allsides.com/news/2020-03-18-1541/covid-19-chinese-government-s-curse-upon-world","Read full story","https://www.nationalreview.com/2020/03/covid-19-is-the-chinese-governments-curse-upon-the-world/"
"1590558958-12198","https://www.allsides.com/topics/china?search=china&page=18","Hunter Biden Speaks Out About Working For Foreign Companies","https://www.allsides.com/news/2019-10-15-0604/hunter-biden-speaks-out-about-working-foreign-companies","Read full story","https://townhall.com/tipsheet/leahbarkoukis/2019/10/15/hunter-biden-speaks-out-about-working-for-foreign-companies-n2554729"
"1590556645-12124","https://www.allsides.com/topics/china?search=china&page=39","Meltdown on Wall Street: Stocks Plunge Amid Global Tumult","https://www.allsides.com/news/2015-08-24-0654/meltdown-wall-street-stocks-plunge-amid-global-tumult","Read full story","http://www.foxbusiness.com/markets/2015/08/24/wall-street-set-to-plunge-amid-global-market-selloff/%20?intcmp=hpbt1"
"1590560875-12259","https://www.allsides.com/topics/china?search=china&page=1","China Is a Bad Actor, and American Media Need to Recognize This","https://www.allsides.com/news/2020-05-12-1243/china-bad-actor-and-american-media-need-recognize","Read full story","https://www.nationalreview.com/the-morning-jolt/china-is-a-bad-actor-and-american-media-need-to-recognize-this/"
"1590557115-12143","https://www.allsides.com/topics/china?search=china&page=35","Russia, China are North Korea's 'enablers,' Tillerson says","https://www.allsides.com/news/2017-07-29-0903/russia-china-are-north-koreas-enablers-tillerson-says","Read full story","http://www.foxnews.com/world/2017/07/29/russia-china-are-north-koreas-enablers-tillerson-says.html"
"1590558903-12194","https://www.allsides.com/topics/china?search=china&page=19","'South Park' fires F-bomb in response to China ban","https://www.allsides.com/news/2019-10-10-0956/south-park-fires-f-bomb-response-china-ban","Read full story","https://www.foxbusiness.com/markets/south-park-drops-f-bomb-in-response-to-china-ban"
"1590560832-12258","https://www.allsides.com/topics/china?search=china&page=2","Communist China spread coronavirus on purpose: Cheney","https://www.allsides.com/news/2020-05-12-0717/communist-china-spread-coronavirus-purpose-cheney","Read full story","https://www.washingtontimes.com/news/2020/may/12/liz-cheney-says-communist-china-spread-virus-purpo/"
"1590560182-12240","https://www.allsides.com/topics/china?search=china&page=8","US Now Has Most Confirmed Virus Cases (82K) in World","https://www.allsides.com/news/2020-03-26-1640/us-now-has-most-confirmed-virus-cases-82k-world","Read full story","https://www.newsmax.com/us/pandemic-deaths-confirmed-cases/2020/03/26/id/960111/"
"1590556291-12111","https://www.allsides.com/topics/china?search=china&page=43","Chinese military growing in size and reach, Pentagon report shows","https://www.allsides.com/news/2015-11-20-0544/chinese-military-growing-size-and-reach-pentagon-report-shows","Read full story","http://www.washingtontimes.com/news/2014/jun/5/chinese-military-growing-in-size-and-reach-pentago/"
"1590557835-12167","https://www.allsides.com/topics/china?search=china&page=29","Trump Is Said to See Gain From China Tariffs as Worth US Pain","https://www.allsides.com/news/2018-09-22-0739/trump-said-see-gain-china-tariffs-worth-us-pain-read-newsmax-trump-said-see","Read full story","https://www.newsmax.com/finance/economy/trump-gain-china-tariffs/2018/09/21/id/882881/"
"1590560235-12242","https://www.allsides.com/topics/china?search=china&page=7","Coronavirus pandemic triggers ideological showdown between US and China as world watches","https://www.allsides.com/news/2020-03-31-0700/coronavirus-pandemic-triggers-ideological-showdown-between-us-and-china-world","Read full story","https://www.washingtonexaminer.com/policy/defense-national-security/coronavirus-pandemic-triggers-ideological-showdown-between-us-and-china-as-world-watches"
"1590560300-12244","https://www.allsides.com/topics/china?search=china&page=7","There Is No Reason to Believe China Is Reporting Its Coronavirus Cases Accurately","https://www.allsides.com/news/2020-04-01-1811/there-no-reason-believe-china-reporting-its-coronavirus-cases-accurately","Read full story","https://thedispatch.com/p/there-is-no-reason-to-believe-china"
"1590557578-12155","https://www.allsides.com/topics/china?search=china&page=31","Trump to impose 25% tariffs on 'industrially significant technology' from China","https://www.allsides.com/news/2018-05-29-0810/trump-impose-25-tariffs-industrially-significant-technology-china","Read full story","https://www.washingtonexaminer.com/policy/foreign/trump-to-impose-25-percent-tariffs-on-industrially-significant-technology-from-china"
"1590557692-12160","https://www.allsides.com/topics/china?search=china&page=30","US tariffs take effect; China announces retaliation","https://www.allsides.com/news/2018-07-06-0604/us-tariffs-take-effect-china-announces-retaliation","Read full story","https://www.washingtontimes.com/news/2018/jul/6/us-tariffs-take-effect-china-announces-retaliation/"
"1590557182-12146","https://www.allsides.com/topics/china?search=china&page=34","Reports: Bannon Exit a Victory for China’s Strategy of ‘Containing Trump’","https://www.allsides.com/news/2017-08-23-0455/reports-bannon-exit-victory-china%E2%80%99s-strategy-%E2%80%98containing-trump%E2%80%99","Read full story","http://www.breitbart.com/big-government/2017/08/22/financial-times/"
"1590557994-12174","https://www.allsides.com/topics/china?search=china&page=28","China in Trouble: Exports, Imports Shrinking","https://www.allsides.com/news/2018-12-09-1111/china-trouble-exports-imports-shrinking","Read full story","https://www.newsmax.com/finance/streettalk/china-import-exports-shrink/2018/12/08/id/893686/"
"1590559478-12223","https://www.allsides.com/topics/china?search=china&page=12","The Dow just logged its worst 2-day point slide in history — here are 5 reasons the stock market is tanking and it isn’t just the coronavirus","https://www.allsides.com/news/2020-02-25-1446/dow-just-logged-its-worst-2-day-point-slide-history-here-are-5-reasons-stock","Read full story","https://www.marketwatch.com/story/the-dow-just-logged-its-worst-2-day-point-slide-in-history-here-are-5-reasons-the-stock-market-is-tanking-and-it-isnt-just-the-coronavirus-2020-02-25?mod=newsviewer_click"
"1590556354-12117","https://www.allsides.com/topics/china?search=china&page=42","Diplomatic disaster: Obama humiliated by allies’ rush to join China’s new bank","https://www.allsides.com/news/2015-03-19-0739/diplomatic-disaster-obama-humiliated-allies%E2%80%99-rush-join-china%E2%80%99s-new-bank","Read full story","http://www.washingtontimes.com/news/2015/mar/18/obama-humiliated-as-allies-join-chinas-asian-infra/"
"1590557948-12171","https://www.allsides.com/topics/china?search=china&page=28","Trump's G20 Deal With Xi Jinping Promises De-escalation of Trade War but Lacks Many Specifics","https://www.allsides.com/news/2018-12-03-0805/trumps-g20-deal-xi-jinping-promises-de-escalation-trade-war-lacks-many","Read full story","https://reason.com/blog/2018/12/03/trumps-g20-deal-with-xi-jinping-promises"
"1590556449-12121","https://www.allsides.com/topics/china?search=china&page=41","New Russia-China alliance latest diplomatic, strategic blow to Obama","https://www.allsides.com/news/2015-11-20-0544/new-russia-china-alliance-latest-diplomatic-strategic-blow-obama","Read full story","http://www.washingtontimes.com/news/2015/apr/30/china-russia-alliance-challenges-us-western-domina/"
"1590559700-12228","https://www.allsides.com/topics/china?search=china&page=11","National Security Adviser Robert O’Brien: China’s Coronavirus Cover-Up Cost the World Two Months","https://www.allsides.com/news/2020-03-11-1459/national-security-adviser-robert-o-brien-china-s-coronavirus-cover-cost-world","Read full story","https://www.breitbart.com/asia/2020/03/11/national-security-adviser-robert-obrien-chinas-coronavirus-cover-up-cost-the-world-two-months/"
"1590558787-12192","https://www.allsides.com/topics/china?search=china&page=21","US and EU Officials Speak Out Against Arrests of Hong Kong Activists","https://www.allsides.com/news/2019-09-09-1714/us-and-eu-officials-speak-out-against-arrests-hong-kong-activists","Read full story","https://www.theepochtimes.com/us-and-eu-officials-speak-out-against-arrests-of-hong-kong-activists_3063182.html"
"1590560922-12261","https://www.allsides.com/topics/china?search=china&page=1","Holding the Chinese Communist Party Accountable for Its Response to the COVID-19 Outbreak","https://www.allsides.com/news/2020-05-14-1626/holding-chinese-communist-party-accountable-its-response-covid-19-outbreak","Read full story","https://www.heritage.org/asia/report/holding-the-chinese-communist-party-accountable-its-response-the-covid-19-outbreak"
"1590558387-12183","https://www.allsides.com/topics/china?search=china&page=25","US 'Not Ready' to Make a Trade Deal With China, Trump Says","https://www.allsides.com/news/2019-05-27-0834/us-not-ready-make-trade-deal-china-trump-says","Read full story","https://www.newsmax.com/finance/streettalk/trump-china-trade/2019/05/27/id/917722/"
"1590559169-12210","https://www.allsides.com/topics/china?search=china&page=16","U.S. stock market at record but farm bankruptcies at highest since 2011","https://www.allsides.com/news/2019-11-17-0655/us-stock-market-record-farm-bankruptcies-highest-2011","Read full story","https://www.marketwatch.com/story/us-stock-market-at-record-but-farm-bankruptcies-at-highest-since-2011-2019-11-16?mod=home-page"
"1590557820-12166","https://www.allsides.com/topics/china?search=china&page=29","China retaliates with tariffs on another $60 billion in US imports","https://www.allsides.com/news/2018-09-18-1317/china-retaliates-tariffs-another-60-billion-us-imports","Read full story","https://www.theblaze.com/news/2018/09/18/china-retaliates-with-tariffs-on-another-60-billion-in-us-imports"
"1590557623-12157","https://www.allsides.com/topics/china?search=china&page=31","Trump nominee: ‘Too early to tell’ if stopping military exercises helps China","https://www.allsides.com/news/2018-06-14-0925/trump-nominee-%E2%80%98too-early-tell%E2%80%99-if-stopping-military-exercises-helps-china","Read full story","https://www.washingtonexaminer.com/policy/defense-national-security/trump-nominee-too-early-to-tell-if-stopping-military-exercises-helps-china"
"1590559010-12201","https://www.allsides.com/topics/china?search=china&page=18","Donald Trump Jr. responds to attacks from Hunter Biden","https://www.allsides.com/news/2019-10-17-0612/donald-trump-jr-responds-attacks-hunter-biden","Read full story","https://www.foxnews.com/media/donald-trump-jr-responds-to-hunter-biden"
"1590558770-12191","https://www.allsides.com/topics/china?search=china&page=21","Hong Kong protesters beg Trump to ‘liberate’ city","https://www.allsides.com/news/2019-09-08-0946/hong-kong-protesters-beg-trump-liberate-city","Read full story","https://nypost.com/2019/09/08/hong-kong-protesters-beg-trump-to-liberate-city/"
"1590559531-12225","https://www.allsides.com/topics/china?search=china&page=12","Chinese American Churches on the Frontlines of Coronavirus Vigilance","https://www.allsides.com/news/2020-02-27-2016/chinese-american-churches-frontlines-coronavirus-vigilance","Read full story","https://www.christianitytoday.com/news/2020/february/us-coronavirus-chinese-american-churches-sbc.html"
"1590559147-12208","https://www.allsides.com/topics/china?search=china&page=16","China says Beijing and US agreed to lift tariff hikes as trade talks proceed","https://www.allsides.com/news/2019-11-07-0815/china-says-beijing-and-us-agreed-lift-tariff-hikes-trade-talks-proceed","Read full story","https://nypost.com/2019/11/07/china-says-beijing-and-us-agreed-to-lift-tariff-hikes-as-trade-talks-proceed/"
"1590559820-12234","https://www.allsides.com/topics/china?search=china&page=10","China Boomeranging","https://www.allsides.com/news/2020-03-17-0649/china-boomeranging","Read full story","https://www.nationalreview.com/2020/03/coronavirus-china-response-will-weaken-it-on-world-stage/"
"1590557730-12162","https://www.allsides.com/topics/china?search=china&page=30","Trump charm offensive a strategic bid to detach Russia from China: experts","https://www.allsides.com/news/2018-07-18-0848/trump-charm-offensive-strategic-bid-detach-russia-china-experts","Read full story","https://www.washingtontimes.com/news/2018/jul/17/donald-trumps-vladimir-putin-charm-offensive-aims-/"
"1590556280-12109","https://www.allsides.com/topics/china?search=china&page=43","Opinion: Rethinking America's decline","https://www.allsides.com/news/2015-11-20-0544/opinion-rethinking-americas-decline","Read full story","http://www.washingtontimes.com/news/2014/may/6/carson-rethinking-americas-decline/"
"1590557637-12158","https://www.allsides.com/topics/china?search=china&page=31","Trump tariffs hit $50 billion of Chinese goods","https://www.allsides.com/news/2018-06-15-0704/trump-tariffs-hit-50-billion-chinese-goods","Read full story","https://www.washingtontimes.com/news/2018/jun/15/us-announces-tariffs-50b-china-imports/"
"1590556823-12130","https://www.allsides.com/topics/china?search=china&page=38","OPINION: Trade With China Is a Net Plus for Americans","https://www.allsides.com/news/2016-09-17-0809/opinion-trade-china-net-plus-americans","null",""
"1590560535-12252","https://www.allsides.com/topics/china?search=china&page=5","It's Looking Increasingly Likely Wuhan Coronavirus Came From a Lab Bat","https://www.allsides.com/news/2020-04-14-1515/its-looking-increasingly-likely-wuhan-coronavirus-came-lab-bat","Read full story","https://townhall.com/tipsheet/katiepavlich/2020/04/14/its-looking-very-likely-wuhan-coronavirus-came-from-a-lab-bat-n2566874"
"1590560170-12239","https://www.allsides.com/topics/china?search=china&page=8","Hawley and Stefanik Introduce Resolution to Investigate Chinese Government","https://www.allsides.com/news/2020-03-25-1941/hawley-and-stefanik-introduce-resolution-investigate-chinese-government","Read full story","https://townhall.com/tipsheet/reaganmccarthy/2020/03/25/hawley-and-stefanik-introduce-bill-to-hold-china-accountable-n2565655"
"1590559736-12230","https://www.allsides.com/topics/china?search=china&page=11","Chinese official pushes conspiracy theory that the US Army introduced coronavirus to Wuhan","https://www.allsides.com/news/2020-03-13-0715/chinese-official-pushes-conspiracy-theory-us-army-introduced-coronavirus-wuhan","Read full story","https://www.theblaze.com/news/china-coronavirus-conspiracy-theory-blaming-us"
"1590557591-12156","https://www.allsides.com/topics/china?search=china&page=31","Cotton Sponsors Bipartisan Defense Bill Amendment Against Chinese Telecoms Huawei, ZTE","https://www.allsides.com/news/2018-06-12-1217/cotton-sponsors-bipartisan-defense-bill-amendment-against-chinese-telecoms","Read full story","http://freebeacon.com/national-security/cotton-sponsors-bipartisan-defense-bill-amendment-chinese-telecoms-huawei-zte/"
"1590558053-12179","https://www.allsides.com/topics/china?search=china&page=27","Ethiopia Airlines crash: China grounds Boeing jets","https://www.allsides.com/news/2019-03-11-0752/ethiopia-airlines-crash-china-grounds-boeing-jets","Read full story","https://www.foxnews.com/travel/correction-ethiopia-plane-crash-the-latest-story"
"1590559085-12204","https://www.allsides.com/topics/china?search=china&page=17","Here’s How A Massive, Mysterious Pro-China Troll Mob Silenced NBA Exec Daryl Morey’s Twitter Account","https://www.allsides.com/news/2019-10-17-1917/here-s-how-massive-mysterious-pro-china-troll-mob-silenced-nba-exec-daryl-morey","Read full story","https://dailycaller.com/2019/10/17/lebron-james-china-nba-twitter-morey/"
"1590556316-12114","https://www.allsides.com/topics/china?search=china&page=42","Obama Announces US-China Visa Deal","https://www.allsides.com/news/2014-11-11-0643/obama-announces-us-china-visa-deal","Read full story","http://townhall.com/video/obama-announces-uschina-visa-deal-n1916737"
"1590558095-12181","https://www.allsides.com/topics/china?search=china&page=26","Trump absolutely right to slap new tariffs on China","https://www.allsides.com/news/2019-05-07-2015/trump-absolutely-right-slap-new-tariffs-china","Read full story","https://www.foxbusiness.com/economy/trump-new-tariffs-china-trade-war"
"1590556890-12138","https://www.allsides.com/topics/china?search=china&page=36","Spicer: 'Unified Response' Expected From US, China on North Korea","https://www.allsides.com/news/2017-04-17-0923/spicer-unified-response-expected-us-china-north-korea","Read full story","http://www.newsmax.com/World/GlobalTalk/sen-spicer-donald-trump-north-korea-china/2017/04/17/id/784725/"
"1590556372-12118","https://www.allsides.com/topics/china?search=china&page=42","China building 'great wall of sand' in contested waters, US official says","https://www.allsides.com/news/2015-04-01-0812/china-building-great-wall-sand-contested-waters-us-official-says","Read full story","http://www.foxnews.com/world/2015/04/01/china-building-great-wall-sand-in-contested-waters-us-official-says/"
"1590558914-12195","https://www.allsides.com/topics/china?search=china&page=19","‘Free Hong Kong’ Sign Confiscated During National Anthem At NBA Team’s Game","https://www.allsides.com/news/2019-10-10-1126/free-hong-kong-sign-confiscated-during-national-anthem-nba-team-s-game","Read full story","https://www.dailywire.com/news/free-hong-kong-sign-confiscated-during-national-anthem-at-nba-teams-game"
"1590559249-12215","https://www.allsides.com/topics/china?search=china&page=15","Apple Has ‘Deep Concerns’ That Two Ex-Employees Accused Of Stealing Tech Plan To Flee","https://www.allsides.com/news/2019-12-11-1724/apple-has-deep-concerns-two-ex-employees-accused-stealing-tech-plan-flee","Read full story","https://dailycaller.com/2019/12/10/apple-china-tech-privacy/"
"1590560909-12260","https://www.allsides.com/topics/china?search=china&page=1","NY Gov. Cuomo Bizarrely Calls COVID-19 a ‘European Virus’","https://www.allsides.com/news/2020-05-13-1444/ny-gov-cuomo-bizarrely-calls-covid-19-european-virus","Read full story","https://thenationalpulse.com/coronavirus/cuomo-calls-it-european-virus/"
"1590559077-12203","https://www.allsides.com/topics/china?search=china&page=17","‘South Park’ dunks on LeBron James over Hong Kong controversy","https://www.allsides.com/news/2019-10-17-1903/south-park-dunks-lebron-james-over-hong-kong-controversy","Read full story","https://nypost.com/2019/10/17/south-park-dunks-on-lebron-james-over-hong-kong-controversy/"
"1590559174-12211","https://www.allsides.com/topics/china?search=china&page=16","S&P 500, Dow and Nasdaq close at records on positive expectations around U.S.-China trade","https://www.allsides.com/news/2019-11-25-1357/sp-500-dow-and-nasdaq-close-records-positive-expectations-around-us-china-trade","Read full story","https://www.marketwatch.com/story/stock-index-futures-point-slightly-higher-amid-positive-trade-developments-2019-11-25?ns=prod/accounts-mw"
"1590556285-12110","https://www.allsides.com/topics/china?search=china&page=43","Justice Department charges China with cyber-spying crimes on U.S. firms","https://www.allsides.com/news/2014-05-19-0714/justice-department-charges-china-cyber-spying-crimes-us-firms","Read full story","http://www.washingtontimes.com/news/2014/may/19/justice-department-charges-china-cyber-spying-crim/"
"1590559000-12200","https://www.allsides.com/topics/china?search=china&page=18","Joe Biden’s brother and son have a long history of profiting off his name","https://www.allsides.com/news/2019-10-17-0610/joe-biden-s-brother-and-son-have-long-history-profiting-his-name","Read full story","https://nypost.com/2019/10/15/joe-bidens-brother-and-son-have-a-long-history-of-profiting-off-his-name/"
"1590559114-12207","https://www.allsides.com/topics/china?search=china&page=17","Charles Barkley to VP Pence: 'Shut the hell up' criticizing the NBA on China","https://www.allsides.com/news/2019-10-25-0844/charles-barkley-vp-pence-shut-hell-criticizing-nba-china","Read full story","https://www.theblaze.com/news/charles-barkley-rips-vp-pence-on-nba-and-china"
"1590556268-12108","https://www.allsides.com/topics/china?search=china&page=44","China Lectures Obama as Shutdown Enters Week Two With No End in Sight","https://www.allsides.com/news/2013-10-07-1840/china-lectures-obama-shutdown-enters-week-two-no-end-sight","Read full story","http://www.newsmax.com/Headline/shutdown-debt-ceiling-obama/2013/10/07/id/529663"
"1590556835-12131","https://www.allsides.com/topics/china?search=china&page=37","Tense exchanges in China between US, Chinese officials mark Obama’s arrival at G20 summit","https://www.allsides.com/news/2016-09-04-0925/tense-exchanges-china-between-us-chinese-officials-mark-obama%E2%80%99s-arrival-g20","Read full story","http://www.foxnews.com/politics/2016/09/04/tense-exchanges-in-china-between-us-chinese-officials-mark-obama-s-arrival-at-g20-summit.html"
"1590557481-12154","https://www.allsides.com/topics/china?search=china&page=32","Protests Worldwide Follow US Idea of Auto Import Tariffs","https://www.allsides.com/news/2018-05-24-0900/protests-worldwide-follow-us-idea-auto-import-tariffs-read-newsmax-protests","Read full story","https://www.newsmax.com/finance/streettalk/china-japan-trade-auto/2018/05/24/id/862198/"
"1590559444-12221","https://www.allsides.com/topics/china?search=china&page=13","Rep. Dan Crenshaw’s Bill Prohibiting Drone Sales with China Passes House","https://www.allsides.com/news/2020-02-15-1635/rep-dan-crenshaw-s-bill-prohibiting-drone-sales-china-passes-house","Read full story","https://thetexan.news/rep-dan-crenshaws-bill-prohibiting-drone-sales-with-china-passes-house/"
"1590558550-12186","https://www.allsides.com/topics/china?search=china&page=22","China announces it seeks 'calm' end to trade war, as markets tank and currency hits 11-year flatline","https://www.allsides.com/news/2019-08-26-0740/china-announces-it-seeks-calm-end-trade-war-markets-tank-and-currency-hits-11","Read full story","https://www.foxnews.com/politics/china-announces-it-seeks-end-to-trade-war-as-markets-tank-and-currency-hits-11-year-flatline"
"1590559158-12209","https://www.allsides.com/topics/china?search=china&page=16","Why The Hawks Are Wrong About China Too","https://www.allsides.com/news/2019-11-16-0950/why-hawks-are-wrong-about-china-too","Read full story","https://www.theamericanconservative.com/articles/why-the-hawks-are-wrong-about-china-too/"
"1590558081-12180","https://www.allsides.com/topics/china?search=china&page=26","OPINION: We Are Going To Lose The Coming War With China","https://www.allsides.com/news/2019-03-21-0744/opinion-we-are-going-lose-coming-war-china","Read full story","https://townhall.com/columnists/kurtschlichter/2019/03/21/we-are-going-to-lose-the-coming-war-with-china-n2543332"
"1590557210-12148","https://www.allsides.com/topics/china?search=china&page=34","How to handle North Korea: Either China helps, or it's war","https://www.allsides.com/news/2017-10-08-0805/how-handle-north-korea-either-china-helps-or-its-war","Read full story","http://www.washingtonexaminer.com/how-to-handle-north-korea-either-china-helps-or-its-war/article/2636649"
"1590557089-12141","https://www.allsides.com/topics/china?search=china&page=35","China, Russia combine to challenge Trump on North Korea","https://www.allsides.com/news/2017-07-04-1115/china-russia-combine-challenge-trump-north-korea","Read full story","http://www.washingtonexaminer.com/china-russia-combine-to-challenge-trump-on-north-korea/article/2627743"
"1590560456-12249","https://www.allsides.com/topics/china?search=china&page=6","American News Outlets Air Chinese Propaganda Footage Of Wuhan","https://www.allsides.com/news/2020-04-13-2034/american-news-outlets-air-chinese-propaganda-footage-wuhan","Read full story","https://thefederalist.com/2020/04/08/american-news-outlets-air-chinese-propaganda-footage-of-wuhan/"
"1590560423-12248","https://www.allsides.com/topics/china?search=china&page=6","CDC Using Antibody Tests to Gauge Number of Asymptomatic Coronavirus Cases","https://www.allsides.com/news/2020-04-06-1043/cdc-using-antibody-tests-gauge-number-asymptomatic-coronavirus-cases","Read full story","https://www.nationalreview.com/news/cdc-using-antibody-tests-to-gauge-number-of-asymptomatic-coronavirus-cases/"
"1590557785-12164","https://www.allsides.com/topics/china?search=china&page=30","Trump Says Tariffs on China 'Ready to Go'","https://www.allsides.com/news/2018-09-08-1220/trump-says-tariffs-china-ready-go","Read full story","https://www.newsmax.com/headline/trump-tariffs-china-ready/2018/09/07/id/880715/"
"1590560816-12257","https://www.allsides.com/topics/china?search=china&page=2","WHO denies coronavirus cover-up phone call between Xi Jinping and Dr. Tedros","https://www.allsides.com/news/2020-05-10-0720/who-denies-coronavirus-cover-phone-call-between-xi-jinping-and-dr-tedros","Read full story","https://www.washingtonexaminer.com/news/who-denies-coronavirus-cover-up-phone-call-between-xi-jinping-and-dr-tedros"
"1590558016-12175","https://www.allsides.com/topics/china?search=china&page=27","OPINION: The Dangers of Asymmetry","https://www.allsides.com/news/2018-12-11-0733/opinion-dangers-asymmetry","Read full story","https://www.nationalreview.com/2018/12/americans-frustrated-with-international-disequilibrium-trade-immigration/"
"1590558656-12190","https://www.allsides.com/topics/china?search=china&page=21","Leader of Hong Kong withdraws extradition bill that sparked mass protests","https://www.allsides.com/news/2019-09-04-1306/leader-hong-kong-withdraws-extradition-bill-sparked-mass-protests","Read full story","https://www.washingtonexaminer.com/news/leader-of-hong-kong-withdraws-extradition-bill-that-sparked-mass-protests"
"1590558991-12199","https://www.allsides.com/topics/china?search=china&page=18","KHAN: When It Comes To China, LeBron Has Decided To ‘Shut Up And Dribble’","https://www.allsides.com/news/2019-10-15-1153/khan-when-it-comes-china-lebron-has-decided-shut-and-dribble","Read full story","https://www.dailywire.com/news/khan-when-it-comes-to-china-lebron-has-decided-to-shut-up-and-dribble"
"1590559713-12229","https://www.allsides.com/topics/china?search=china&page=11","Inside China's high-stakes campaign to smear the United States over coronavirus","https://www.allsides.com/news/2020-03-12-0644/inside-chinas-high-stakes-campaign-smear-united-states-over-coronavirus","Read full story","https://www.foxnews.com/us/china-smear-united-states-coronavirus-wuhan"
"1590560211-12241","https://www.allsides.com/topics/china?search=china&page=8","White House Outlines 5G Security Strategy, Warns of ‘High-Risk’ Vendors","https://www.allsides.com/news/2020-03-29-1844/white-house-outlines-5g-security-strategy-warns-high-risk-vendors","Read full story","https://www.theepochtimes.com/white-house-outlines-5g-security-strategy-warns-of-high-risk-vendors_3290199.html"
"1590556420-12120","https://www.allsides.com/topics/china?search=china&page=41","China reportedly issues new warning over North Korean nuclear production","https://www.allsides.com/news/2015-04-23-0631/china-reportedly-issues-new-warning-over-north-korean-nuclear-production","Read full story","http://www.foxnews.com/politics/2015/04/23/china-reportedly-issues-new-warning-over-north-korean-nuclear-production/"
"1590560558-12253","https://www.allsides.com/topics/china?search=china&page=5","Behind Bloomberg News' campaign to silence its own journalists for reporting on China corruption","https://www.allsides.com/news/2020-04-14-1605/behind-bloomberg-news-campaign-silence-its-own-journalists-reporting-china","Read full story","https://www.foxnews.com/media/bloomberg-news-china-corruption-journalists-silenced"
"1590560775-12256","https://www.allsides.com/topics/china?search=china&page=2","Are We Done with China Now?","https://www.allsides.com/news/2020-05-06-1359/are-we-done-china-now","Read full story","https://www.nationalreview.com/2020/05/are-we-done-with-china-now/"
"1590558930-12197","https://www.allsides.com/topics/china?search=china&page=19","Hunter Biden Leaves China Board as Trump Attacks Hit Home","https://www.allsides.com/news/2019-10-13-0825/hunter-biden-leaves-china-board-trump-attacks-hit-home","Read full story","https://www.breitbart.com/politics/2019/10/13/hunter-biden-leaves-china-board-as-trump-attacks-hit-home/"
"1590557871-12169","https://www.allsides.com/topics/china?search=china&page=29","OPINION: A New Era for the China-Russia-U.S. Triangle","https://www.allsides.com/news/2018-10-11-0715/opinion-new-era-china-russia-us-triangle","Read full story","https://www.nationalreview.com/2018/10/a-new-era-for-the-china-russia-u-s-triangle/"
"1590559283-12217","https://www.allsides.com/topics/china?search=china&page=15","Opinion: You call this a trade deal?","https://www.allsides.com/news/2019-12-14-1317/opinion-you-call-trade-deal","Read full story","https://www.marketwatch.com/story/you-call-this-a-trade-deal-2019-12-13?ns=prod/accounts-mw"
"1590560342-12246","https://www.allsides.com/topics/china?search=china&page=6","Washington Post: ‘Evidence’ Coming Out Of Wuhan Suggests Real Death Toll Over 40,000","https://www.allsides.com/news/2020-04-03-1457/washington-post-evidence-coming-out-wuhan-suggests-real-death-toll-over-40000","Read full story","https://www.dailywire.com/news/washington-post-evidence-coming-out-of-wuhan-suggests-real-death-toll-over-40000"
"1590559269-12216","https://www.allsides.com/topics/china?search=china&page=15","Farmers, manufacturers welcome 'Phase One', but ask Trump for more","https://www.allsides.com/news/2019-12-14-0845/farmers-manufacturers-welcome-phase-one-ask-trump-more","Read full story","https://www.foxbusiness.com/markets/farmers-react-phase-one-china-deal"
"1590559107-12206","https://www.allsides.com/topics/china?search=china&page=17","Pence blasts Nike over Hong Kong stance—says it checked ‘social conscience at the door’","https://www.allsides.com/news/2019-10-24-1426/pence-blasts-nike-over-hong-kong-stance-says-it-checked-social-conscience-door","Read full story","https://www.marketwatch.com/story/pence-blasts-nike-over-hong-kong-stance-says-it-checked-social-conscience-at-the-door-2019-10-24"
"1590560499-12250","https://www.allsides.com/topics/china?search=china&page=5","Taxpayer-funded animal experiments tied to Chinese 'wet markets' and Wuhan laboratory","https://www.allsides.com/news/2020-04-10-1649/taxpayer-funded-animal-experiments-tied-chinese-wet-markets-and-wuhan","Read full story","https://www.washingtonexaminer.com/news/taxpayer-funded-animal-experiments-tied-to-chinese-wet-markets-and-wuhan-laboratory"
"1590559379-12218","https://www.allsides.com/topics/china?search=china&page=13","Chinese Christian Tells of Increasing Persecution By Communist Government","https://www.allsides.com/news/2020-01-24-1112/chinese-christian-tells-increasing-persecution-communist-government","Read full story","https://www1.cbn.com/cbnnews/world/2020/january/chinese-christian-tells-of-increasing-persecution-by-communist-government"
"1590557340-12150","https://www.allsides.com/topics/china?search=china&page=33","Trade war fears mount as China lists tariff targets; Trump doesn’t flinch","https://www.allsides.com/news/2018-04-05-0653/trade-war-fears-mount-china-lists-tariff-targets-trump-doesn%E2%80%99t-flinch","Read full story","https://www.washingtontimes.com/news/2018/apr/4/us-china-trade-war-fears-send-stock-market-wild-sw/"
"1590557402-12152","https://www.allsides.com/topics/china?search=china&page=32","Schumer: Trump on 'Right Path' on Trade With China","https://www.allsides.com/news/2018-04-22-0925/schumer-trump-right-path-trade-china","Read full story","https://www.newsmax.com/politics/chuck-schumer-china-takes-advantage-u-s/2018/04/22/id/855916/"
"1590556848-12133","https://www.allsides.com/topics/china?search=china&page=37","China to return seized drone, calls ‘hype’ inappropriate","https://www.allsides.com/news/2016-12-17-0855/china-return-seized-drone-calls-%E2%80%98hype%E2%80%99-inappropriate","Read full story","http://nypost.com/2016/12/17/china-to-return-seized-drone-calls-hype-inappropriate/"
"1590556876-12136","https://www.allsides.com/topics/china?search=china&page=36","What Trump Accomplished During ‘Positive and Productive’ Meetings with China","https://www.allsides.com/news/2017-04-08-1257/what-trump-accomplished-during-%E2%80%98positive-and-productive%E2%80%99-meetings-china","Read full story","http://www.breitbart.com/big-government/2017/04/08/what-trump-accomplished-positive-and-productive-meetings-china/"
"1590559500-12224","https://www.allsides.com/topics/china?search=china&page=12","Schumer requests $8.5B to battle coronavirus, rejecting Trump budget demand as inadequate","https://www.allsides.com/news/2020-02-26-0940/schumer-requests-85b-battle-coronavirus-rejecting-trump-budget-demand","Read full story","https://www.washingtonexaminer.com/news/congress/schumer-8-5b-to-battle-coronavirus-rejecting-trump-budget-demand-as-inadequate"
"1590559925-12236","https://www.allsides.com/topics/china?search=china&page=9","The Media’s China Syndrome","https://www.allsides.com/news/2020-03-21-1501/media-s-china-syndrome","Read full story","https://www.nationalreview.com/2020/03/coronavirus-media-accusations-racism-against-president-trump-baseless/"
"1590560950-12262","https://www.allsides.com/topics/china?search=china&page=1","Trump threatens to keep WHO funding freeze in place after WH investigation","https://www.allsides.com/news/2020-05-19-0725/trump-threatens-keep-who-funding-freeze-place-after-wh-investigation","Read full story","https://www.foxnews.com/politics/trump-threatens-to-keep-who-funding-freeze-in-place"
"1590559911-12235","https://www.allsides.com/topics/china?search=china&page=9","Donald Trump: American ‘Corrupt Media’ Siding with China","https://www.allsides.com/news/2020-03-19-1757/donald-trump-american-corrupt-media-siding-china","Read full story","https://www.breitbart.com/politics/2020/03/19/donald-trump-american-corrupt-media-media-siding-with-china/"
"1590556335-12116","https://www.allsides.com/topics/china?search=china&page=42","Obama strikes climate change deal with China","https://www.allsides.com/news/2014-11-12-0714/obama-strikes-climate-change-deal-china","Read full story","http://www.washingtontimes.com/news/2014/nov/11/us-china-unveil-ambitious-greenhouse-gas-reduction/"
"1590558047-12178","https://www.allsides.com/topics/china?search=china&page=27","OPINION: The Establishment Goes Trump on China","https://www.allsides.com/news/2019-02-26-0802/opinion-establishment-goes-trump-china","Read full story","https://www.nationalreview.com/2019/02/establishment-adopts-trump-views-china-military-threat-trade/"
"1590556882-12137","https://www.allsides.com/topics/china?search=china&page=36","Trump: I Won't Bite China's Helping Hand on NKorea","https://www.allsides.com/news/2017-04-16-0732/trump-i-wont-bite-chinas-helping-hand-nkorea","Read full story","http://www.newsmax.com/Politics/trump-defends-china-wont/2017/04/16/id/784614/"
"1590559776-12232","https://www.allsides.com/topics/china?search=china&page=10","Senate Hearing on Coronavirus Crisis Exposes Dangers of US Drug Dependence on China Sourcing","https://www.allsides.com/news/2020-03-13-1450/senate-hearing-coronavirus-crisis-exposes-dangers-us-drug-dependence-china","Read full story","https://www.theepochtimes.com/senate-hearing-on-coronavirus-crisis-exposes-dangers-of-us-drug-dependence-on-china-sourcing_3271185.html"
"1590557152-12144","https://www.allsides.com/topics/china?search=china&page=34","Time for a Grand Bargain Over North Korea","https://www.allsides.com/news/2017-08-08-0906/time-grand-bargain-over-north-korea","Read full story","https://spectator.org/time-for-a-grand-bargain-over-north-korea/"
"1590557713-12161","https://www.allsides.com/topics/china?search=china&page=30","Trump labels European Union, Russia, China 'foes' of U.S.","https://www.allsides.com/news/2018-07-16-1035/trump-labels-european-union-russia-china-foes-us","Read full story","https://www.washingtontimes.com/news/2018/jul/15/president-trump-labels-european-union-russia-china/"
"1590556465-12122","https://www.allsides.com/topics/china?search=china&page=41","China building drone army, US report reveals","https://www.allsides.com/news/2015-05-09-1039/china-building-drone-army-us-report-reveals","Read full story","http://www.foxnews.com/politics/2015/05/09/china-building-drone-army-us-report-reveals/"
"1590559185-12212","https://www.allsides.com/topics/china?search=china&page=16","Trump’s Foreign Policy: The Popping Point of Maximum Pressure","https://www.allsides.com/news/2019-12-03-0700/trump-s-foreign-policy-popping-point-maximum-pressure","Read full story","https://www.nationalreview.com/2019/12/trump-foreign-policy-momentum-china-iran-north-korea/"
"1590559414-12220","https://www.allsides.com/topics/china?search=china&page=13","World Health Organization declares coronavirus outbreak a global health emergency","https://www.allsides.com/news/2020-01-30-1612/world-health-organization-declares-coronavirus-outbreak-global-health-emergency","Read full story","https://www.foxnews.com/health/world-health-organization-declares-coronavirus-outbreak-a-global-health-emergency"
"1590558381-12182","https://www.allsides.com/topics/china?search=china&page=25","OPINION: China’s Brilliant, Insidious Strategy","https://www.allsides.com/news/2019-05-14-0526/opinion-china%E2%80%99s-brilliant-insidious-strategy","Read full story","https://www.nationalreview.com/2019/05/china-strategy-build-economic-military-technological-superiority/"
"1590560364-12247","https://www.allsides.com/topics/china?search=china&page=6","MSNBC anchor confronts Rubio on comment about journalists finding 'glee' in spiking US coronavirus cases","https://www.allsides.com/news/2020-04-03-2328/msnbc-anchor-confronts-rubio-comment-about-journalists-finding-glee-spiking-us","Read full story","https://www.foxnews.com/media/msnbc-anchor-rubio-journalists-china-coronavirus"
"1590560324-12245","https://www.allsides.com/topics/china?search=china&page=7","Patriots Owner Bob Kraft Flies Almost 2 Million Masks To U.S. From China","https://www.allsides.com/news/2020-04-02-1017/patriots-owner-bob-kraft-flies-almost-2-million-masks-us-china","Read full story","https://www.dailywire.com/news/patriots-owner-bob-kraft-flies-almost-2-million-masks-to-u-s-from-china"
"1590556255-12106","https://www.allsides.com/topics/china?search=china&page=44","Obama administration reportedly considering fines, trade penalties for cybertheft","https://www.allsides.com/news/2013-02-20-1133/obama-administration-reportedly-considering-fines-trade-penalties-cybertheft","Read full story","http://www.foxnews.com/politics/2013/02/20/obama-administration-developing-penalties-for-cybertheft/"
"1590557806-12165","https://www.allsides.com/topics/china?search=china&page=29","The Latest: Typhoon Makes Landfall in China's Guangdong  Read more: The Latest: Typhoon Makes Landfall in China's Guangdong","https://www.allsides.com/news/2018-09-16-1002/latest-typhoon-makes-landfall-chinas-guangdong-read-more-latest-typhoon-makes","Read full story","https://www.newsmax.com/world/globaltalk/as-asia-typhoon-the/2018/09/16/id/881902/"
"1590557989-12173","https://www.allsides.com/topics/china?search=china&page=28","Hmmm: Canada Arrests China Telecom Exec, Will Extradite To US","https://www.allsides.com/news/2018-12-06-0716/hmmm-canada-arrests-china-telecom-exec-will-extradite-us","Read full story","https://hotair.com/archives/2018/12/06/hmmm-canada-arrests-china-telecom-exec-will-extradite-us/"
"1590556321-12115","https://www.allsides.com/topics/china?search=china&page=42","China takes new stealth jet for test flight during Obama visit","https://www.allsides.com/news/2014-11-12-0708/china-takes-new-stealth-jet-test-flight-during-obama-visit","Read full story","http://www.foxnews.com/politics/2014/11/12/china-flight-tests-new-stealth-jet-during-obama-visit/"
"1590558921-12196","https://www.allsides.com/topics/china?search=china&page=19","Beholden to Chinese blood money, Steve Kerr compares US gun ownership to state-sponsored genocide","https://www.allsides.com/news/2019-10-11-0826/beholden-chinese-blood-money-steve-kerr-compares-us-gun-ownership-state","Read full story","https://www.washingtonexaminer.com/opinion/beholden-to-chinese-blood-money-steve-kerr-compares-us-gun-ownership-to-state-sponsored-genocide"
"1590560967-12263","https://www.allsides.com/topics/china?search=china&page=1","NBC Correspondent Disappointed in Trump, But Admires China's 'Diplomacy'","https://www.allsides.com/news/2020-05-20-0709/nbc-correspondent-disappointed-trump-admires-chinas-diplomacy","Read full story","https://townhall.com/tipsheet/cortneyobrien/2020/05/20/msnbc-correspondent-admires-chinas-diplomacy-n2569131"
"1590559401-12219","https://www.allsides.com/topics/china?search=china&page=13","Don’t buy the media hype over the new China virus","https://www.allsides.com/news/2020-01-24-1935/don-t-buy-media-hype-over-new-china-virus","Read full story","https://nypost.com/2020/01/23/dont-buy-the-media-hype-over-the-new-china-virus/"
"1590557927-12170","https://www.allsides.com/topics/china?search=china&page=28","US, China agree to 90-day truce to hash out trade differences","https://www.allsides.com/news/2018-12-02-0733/us-china-agree-90-day-truce-hash-out-trade-differences","Read full story","https://www.foxnews.com/politics/u-s-china-agree-to-90-day-truce-to-has-out-trade-sifferences"
"1590556629-12123","https://www.allsides.com/topics/china?search=china&page=39","U.S. Stock Futures Point to More Losses","https://www.allsides.com/news/2015-08-21-0622/us-stock-futures-point-more-losses","Read full story","http://www.foxbusiness.com/markets/2015/08/21/stocks-eye-reprieve-despite-mortal-blow-from-chinese-data/?intcmp=hpbt1"
"1590557416-12153","https://www.allsides.com/topics/china?search=china&page=32","Trump denies going soft on Beijing amid ‘make China great again’ mockery","https://www.allsides.com/news/2018-05-14-1859/trump-denies-going-soft-beijing-amid-%E2%80%98make-china-great-again%E2%80%99-mockery","Read full story","https://www.washingtontimes.com/news/2018/may/14/donald-trump-fends-china-trade-criticism-after-zte/"
"1590556754-12127","https://www.allsides.com/topics/china?search=china&page=38","Obama Jabs at China Over TPP Trade Deal","https://www.allsides.com/news/2015-10-10-1028/obama-jabs-china-over-tpp-trade-deal","Read full story","http://www.newsmax.com/Newsfront/US-Asia-trade-TPP/2015/10/10/id/695573/"
"1590557664-12159","https://www.allsides.com/topics/china?search=china&page=31","Telling the Truth on Trade With China","https://www.allsides.com/news/2018-06-28-0542/telling-truth-trade-china","Read full story","https://reason.com/archives/2018/06/28/telling-the-truth-on-trade-with-china"
"1590556295-12112","https://www.allsides.com/topics/china?search=china&page=43","China goes ballistic, tests nuclear-capable missiles able to reach U.S.","https://www.allsides.com/news/2014-08-07-0641/china-goes-ballistic-tests-nuclear-capable-missiles-able-reach-us","Read full story","http://www.washingtontimes.com/news/2014/aug/7/china-goes-ballistic-tests-nuclear-capable-missile/"
"1590559209-12213","https://www.allsides.com/topics/china?search=china&page=15","In Hong Kong, It's US vs. China","https://www.allsides.com/news/2019-12-03-0938/hong-kong-its-us-vs-china","Read full story","https://www.newsmax.com/patrickbuchanan/hungarian-rebels-xi-revolution/2019/12/03/id/944218/"
"1590557965-12172","https://www.allsides.com/topics/china?search=china&page=28","China Confident It Can Clinch US Trade Deal as Trump Demands 'Real Deal'","https://www.allsides.com/news/2018-12-05-1102/china-confident-it-can-clinch-us-trade-deal-trump-demands-real-deal","Read full story","https://www.newsmax.com/newsfront/china-trump-real-trade/2018/12/05/id/893194/"
"1590560521-12251","https://www.allsides.com/topics/china?search=china&page=5","Fauci: China Gave ‘Misinformation’ to the World — Virus Erupted in Mid-December","https://www.allsides.com/news/2020-04-14-1704/fauci-china-gave-misinformation-world-virus-erupted-mid-december","Read full story","https://www.breitbart.com/clips/2020/04/12/fauci-china-gave-misinformation-to-the-world-virus-erupted-in-mid-december/"
"1590556407-12119","https://www.allsides.com/topics/china?search=china&page=41","Democratic titans say Obama ‘screwed up’ and gave rise to China’s new bank","https://www.allsides.com/news/2015-04-02-1154/democratic-titans-say-obama-%E2%80%98screwed-up%E2%80%99-and-gave-rise-china%E2%80%99s-new-bank","Read full story","http://www.washingtontimes.com/news/2015/apr/1/efforts-to-head-off-china-development-bank-called-/"
"1590556262-12107","https://www.allsides.com/topics/china?search=china&page=44","Obama’s torment: U.S. loses secrets, prestige as Russia, China protect Snowden","https://www.allsides.com/news/2013-06-26-0620/obama%E2%80%99s-torment-us-loses-secrets-prestige-russia-china-protect-snowden","Read full story","http://www.washingtontimes.com/news/2013/jun/25/china-russia-defy-obama-handing-over-snowden/"
"1590559228-12214","https://www.allsides.com/topics/china?search=china&page=15","China Using DNA To Map Faces; Experts Worry Tech Could Be Used To Further Discrimination Against Uyghurs","https://www.allsides.com/news/2019-12-04-1230/china-using-dna-map-faces-experts-worry-tech-could-be-used-further","Read full story","https://www.dailywire.com/news/china-using-dna-to-map-faces-experts-worry-tech-could-be-used-to-further-discrimination-against-uyghurs"
"1590560054-12237","https://www.allsides.com/topics/china?search=china&page=9","Twitter Says Chinese Spox’s Coronavirus Disinformation, Conspiracy Theories Don’t Violate Platform Policies","https://www.allsides.com/news/2020-03-23-1758/twitter-says-chinese-spox-s-coronavirus-disinformation-conspiracy-theories-don","Read full story","https://dailycaller.com/2020/03/23/twitter-china-coronavirus-violations/"
"1590556812-12129","https://www.allsides.com/topics/china?search=china&page=38","China reportedly will send nuclear-armed submarines to patrol Pacific","https://www.allsides.com/news/2016-05-26-0737/china-reportedly-will-send-nuclear-armed-submarines-patrol-pacific","Read full story","http://www.foxnews.com/world/2016/05/26/china-reportedly-will-send-nuclear-armed-submarines-to-patrol-pacific.html"
"1590558026-12176","https://www.allsides.com/topics/china?search=china&page=27","After Trump touts ‘Big progress’ in trade talks, China expresses willingness to work with US through ‘storms’","https://www.allsides.com/news/2018-12-30-0739/after-trump-touts-%E2%80%98big-progress%E2%80%99-trade-talks-china-expresses-willingness-work","Read full story","https://www.foxnews.com/politics/after-trump-touts-big-progress-in-trade-talks-china-expresses-willingness-to-work-with-us-through-storms"
"1590558598-12188","https://www.allsides.com/topics/china?search=china&page=22","Pro-Democracy Activists Joshua Wong and Agnes Chow Arrested in Hong Kong","https://www.allsides.com/news/2019-08-31-0506/pro-democracy-activists-joshua-wong-and-agnes-chow-arrested-hong-kong","Read full story","https://reason.com/2019/08/30/pro-democracy-activists-joshua-wong-and-agnes-chow-arrested-in-hong-kong/"
"1590559559-12226","https://www.allsides.com/topics/china?search=china&page=12","Whistleblower says HHS sent workers to handle possible coronavirus patients without gear, training","https://www.allsides.com/news/2020-02-28-0620/whistleblower-says-hhs-sent-workers-handle-possible-coronavirus-patients","Read full story","https://www.foxnews.com/politics/whistleblower-says-hhs-sent-workers-to-handle-possible-coronavirus-patients-without-gear-training"
"1590556840-12132","https://www.allsides.com/topics/china?search=china&page=37","Trump Speaks With Taiwan's President, Risking China Tensions","https://www.allsides.com/news/2016-12-03-0758/trump-speaks-taiwans-president-risking-china-tensions","Read full story","http://www.newsmax.com/Newsfront/donald-trump-taiwan-china-phone/2016/12/02/id/761934/"
"1590557175-12145","https://www.allsides.com/topics/china?search=china&page=34","In phone call, Trump and Xi discuss a nuke-less Korean Peninsula","https://www.allsides.com/news/2017-08-12-0923/phone-call-trump-and-xi-discuss-nuke-less-korean-peninsula","Read full story","http://www.foxnews.com/world/2017/08/12/in-phone-call-trump-and-xi-discuss-nuke-less-korean-peninsula.html"
"1590559025-12202","https://www.allsides.com/topics/china?search=china&page=18","Hunter Biden Retains Stake in Chinese Private Equity Firm Despite Stepping down from Board","https://www.allsides.com/news/2019-10-17-0647/hunter-biden-retains-stake-chinese-private-equity-firm-despite-stepping-down","Read full story","https://www.nationalreview.com/news/hunter-biden-retains-stake-in-chinese-private-equity-firm-despite-stepping-down-from-board/"
"1590559763-12231","https://www.allsides.com/topics/china?search=china&page=10","Twitter Won’t Remove Chinese Official’s Tweet Suggesting US Army Introduced Virus Into Wuhan","https://www.allsides.com/news/2020-03-13-1030/twitter-won-t-remove-chinese-official-s-tweet-suggesting-us-army-introduced","Read full story","https://dailycaller.com/2020/03/13/twitter-china-redfield-coronavirus/"
"1590556858-12135","https://www.allsides.com/topics/china?search=china&page=37","Trump to Chinese President: US Will Honor 'One China' Policy","https://www.allsides.com/news/2017-02-10-0529/trump-chinese-president-us-will-honor-one-china-policy","Read full story","http://townhall.com/tipsheet/leahbarkoukis/2017/02/10/trump-to-chinese-president-us-will-honor-one-china-policy-n2283980"
"1590556711-12126","https://www.allsides.com/topics/china?search=china&page=39","5 Chinese warships spotted off Alaska coast during President Obama's visit","https://www.allsides.com/news/2015-09-03-0912/5-chinese-warships-spotted-alaska-coast-during-president-obamas-visit","Read full story","http://www.foxnews.com/politics/2015/09/02/5-chinese-warships-spotted-off-alaska-coast-during-president-obama-visit/?intcmp=hplnws"
"1590557233-12149","https://www.allsides.com/topics/china?search=china&page=33","Trump softens criticism of China on trade deficit, calls on Beijing to solve North Korea crisis","https://www.allsides.com/news/2017-11-09-0714/trump-softens-criticism-china-trade-deficit-calls-beijing-solve-north-korea","Read full story","https://www.washingtontimes.com/news/2017/nov/9/trump-softens-criticism-china-trade-deficit-calls-/"
"1590557053-12140","https://www.allsides.com/topics/china?search=china&page=35","Trump Energy Dept. Seeks to Mine Elements Monopolized By China","https://www.allsides.com/news/2017-06-18-0829/trump-energy-dept-seeks-mine-elements-monopolized-china","Read full story","http://insider.foxnews.com/2017/06/17/donald-trump-coal-mining-rare-earth-elements-comes-china-appalachia"
"1590559453-12222","https://www.allsides.com/topics/china?search=china&page=13","Apple warns it will miss quarterly revenue target due to effects of coronavirus","https://www.allsides.com/news/2020-02-17-1452/apple-warns-it-will-miss-quarterly-revenue-target-due-effects-coronavirus","Read full story","https://www.marketwatch.com/story/apple-warns-it-will-miss-quarterly-revenue-target-due-to-effects-of-coronavirus-2020-02-17?mod=home-page"
"1590559096-12205","https://www.allsides.com/topics/china?search=china&page=17","LeBron James' China comments put the NBA's social justice hypocrisy on full display","https://www.allsides.com/news/2019-10-18-1008/lebron-james-china-comments-put-nbas-social-justice-hypocrisy-full-display","Read full story","https://www.theblaze.com/op-ed/lebron-james-china-comments-put-the-nbas-social-justice-hypocrisy-on-full-display"
"1590557856-12168","https://www.allsides.com/topics/china?search=china&page=29","Trump accuses China of 2018 election meddling: They 'don't want me to win'","https://www.allsides.com/news/2018-09-26-0844/trump-accuses-china-2018-election-meddling-they-dont-want-me-win","Read full story","https://www.washingtontimes.com/news/2018/sep/26/donald-trump-accuses-china-of-2018-election-meddli/"
"1590560085-12238","https://www.allsides.com/topics/china?search=china&page=8","Asian American CBS reporter rips Trump tweet urging the public not to blame Asians for the coronavirus","https://www.allsides.com/news/2020-03-24-1733/asian-american-cbs-reporter-rips-trump-tweet-urging-public-not-blame-asians","Read full story","https://www.washingtonexaminer.com/news/asian-american-cbs-reporter-rips-trump-tweet-urging-the-public-not-to-blame-asians-for-the-coronavirus"
